Frame,root_translateX,root_translateY,root_translateZ,root_rotateX,root_rotateY,root_rotateZ,Head_Yaw_dof,Head_Pitch_dof,Left_Shoulder_Pitch_dof,Left_Shoulder_Roll_dof,Left_Elbow_Pitch_dof,Left_Elbow_Yaw_dof,Right_Shoulder_Pitch_dof,Right_Shoulder_Roll_dof,Right_Elbow_Pitch_dof,Right_Elbow_Yaw_dof,Left_Hip_Pitch_dof,Left_Hip_Roll_dof,Left_Hip_Yaw_dof,Left_Knee_Pitch_dof,Left_Ankle_Pitch_dof,Left_Ankle_Roll_dof,Right_Hip_Pitch_dof,Right_Hip_Roll_dof,Right_Hip_Yaw_dof,Right_Knee_Pitch_dof,Right_Ankle_Pitch_dof,Right_Ankle_Roll_dof
0,-60.55715560913086,-58.36509323120117,55.052116316105824,-0.28542654323248035,4.48447162163021,-144.88897884121286,0.0,0.0,44.906715,-61.74193,-30.651411,-62.43743,-5.4419885,53.449333,0.9407922,29.75445,-7.233817,0.3889894,-0.20287411,8.9084835,-6.1045294,-0.11370994,-7.1507435,0.18905056,-0.19114503,8.862573,-6.1409907,0.08682178
1,-60.55715560913086,-58.36509323120117,55.052116316105824,-0.28542654323248035,4.48447162163021,-144.88897884121286,0.0,0.0,44.906715,-61.74193,-30.651411,-62.43743,-5.4419885,53.449333,0.9407922,29.75445,-7.233817,0.3889894,-0.20287411,8.9084835,-6.1045294,-0.11370994,-7.1507435,0.18905056,-0.19114503,8.862573,-6.1409907,0.08682178
2,-60.55715560913086,-58.36509323120117,55.052116316105824,-0.28542654323248035,4.48447162163021,-144.88897884121286,0.0,0.0,44.906715,-61.74193,-30.651411,-62.43743,-5.4419885,53.449333,0.9407922,29.75445,-7.233817,0.3889894,-0.20287411,8.9084835,-6.1045294,-0.11370994,-7.1507435,0.18905056,-0.19114503,8.862573,-6.1409907,0.08682178
3,-60.55715560913086,-58.36509323120117,55.052116316105824,-0.28542654323248035,4.48447162163021,-144.88897884121286,0.0,0.0,44.906715,-61.74193,-30.651411,-62.43743,-5.4419885,53.449333,0.9407922,29.75445,-7.233817,0.3889894,-0.20287411,8.9084835,-6.1045294,-0.11370994,-7.1507435,0.18905056,-0.19114503,8.862573,-6.1409907,0.08682178
4,-60.55715560913086,-58.36509323120117,55.052116316105824,-0.28542654323248035,4.48447162163021,-144.88897884121286,0.0,0.0,44.906715,-61.74193,-30.651411,-62.43743,-5.4419885,53.449333,0.9407922,29.75445,-7.233817,0.3889894,-0.20287411,8.9084835,-6.1045294,-0.11370994,-7.1507435,0.18905056,-0.19114503,8.862573,-6.1409907,0.08682178
5,-60.55715560913086,-58.36509323120117,55.052116316105824,-0.28542654323248035,4.48447162163021,-144.88897884121286,0.0,0.0,44.906715,-61.74193,-30.651411,-62.43743,-5.4419885,53.449333,0.9407922,29.75445,-7.233817,0.3889894,-0.20287411,8.9084835,-6.1045294,-0.11370994,-7.1507435,0.18905056,-0.19114503,8.862573,-6.1409907,0.08682178
6,-60.55715560913086,-58.36509323120117,55.052116316105824,-0.28542654323248035,4.48447162163021,-144.88897884121286,0.0,0.0,44.906715,-61.74193,-30.651411,-62.43743,-5.4419885,53.449333,0.9407922,29.75445,-7.233817,0.3889894,-0.20287411,8.9084835,-6.1045294,-0.11370994,-7.1507435,0.18905056,-0.19114503,8.862573,-6.1409907,0.08682178
7,-60.55715560913086,-58.36509323120117,55.052116316105824,-0.28542654323248035,4.48447162163021,-144.88897884121286,0.0,0.0,44.906715,-61.74193,-30.651411,-62.43743,-5.4419885,53.449333,0.9407922,29.75445,-7.233817,0.3889894,-0.20287411,8.9084835,-6.1045294,-0.11370994,-7.1507435,0.18905056,-0.19114503,8.862573,-6.1409907,0.08682178
8,-60.55715560913086,-58.36509323120117,55.052116316105824,-0.28542654323248035,4.48447162163021,-144.88897884121286,0.0,0.0,44.906715,-61.74193,-30.651411,-62.43743,-5.4419885,53.449333,0.9407922,29.75445,-7.233817,0.3889894,-0.20287411,8.9084835,-6.1045294,-0.11370994,-7.1507435,0.18905056,-0.19114503,8.862573,-6.1409907,0.08682178
9,-60.55715560913086,-58.36509323120117,55.05211541234113,-0.28542654323248035,4.48447162163021,-144.88897884121286,0.0,0.0,44.906715,-61.74193,-30.651411,-62.43743,-5.4419885,53.449333,0.9407922,29.75445,-7.233817,0.3889894,-0.20287411,8.9084835,-6.1045294,-0.11370994,-7.1507435,0.18905056,-0.19114503,8.862573,-6.1409907,0.08682178
10,-60.55715560913086,-58.36509323120117,55.052113231625064,-0.28542654323248035,4.48447162163021,-144.88897884121286,0.0,0.0,44.906715,-61.74193,-30.651411,-62.43743,-5.4419885,53.449333,0.9407922,29.75445,-7.233817,0.3889894,-0.20287411,8.9084835,-6.1045294,-0.11370994,-7.1507435,0.18905056,-0.19114503,8.862573,-6.1409907,0.08682178
11,-60.55715560913086,-58.36509323120117,55.052147884466706,-0.28542654323248035,4.48447162163021,-144.88897884121286,0.0,0.0,44.906715,-61.74193,-30.651411,-62.43743,-5.4419885,53.449333,0.9407922,29.75445,-7.233817,0.3889894,-0.20287411,8.9084835,-6.1045294,-0.11370994,-7.1507435,0.18905056,-0.19114503,8.862573,-6.1409907,0.08682178
12,-60.55715560913086,-58.36509323120117,55.052698440892115,-0.28542654323248035,4.48447162163021,-144.88897884121286,0.0,0.0,44.906715,-61.74193,-30.651411,-62.43743,-5.4419885,53.449333,0.9407922,29.75445,-7.233817,0.3889894,-0.20287411,8.9084835,-6.1045294,-0.11370994,-7.1507435,0.18905056,-0.19114503,8.862573,-6.1409907,0.08682178
13,-60.55715560913086,-58.36509323120117,55.05660512882724,-0.28542654323248035,4.48447162163021,-144.88897884121286,0.0,0.0,44.906715,-61.74193,-30.651411,-62.43743,-5.4419885,53.449333,0.9407922,29.75445,-7.233817,0.3889894,-0.20287411,8.9084835,-6.1045294,-0.11370994,-7.1507435,0.18905056,-0.19114503,8.862573,-6.1409907,0.08682178
14,-60.55715560913086,-58.36509323120117,55.073385660424094,-0.28542654323248035,4.48447162163021,-144.88897884121286,0.0,0.0,44.906715,-61.74193,-30.651411,-62.43743,-5.4419885,53.449333,0.9407922,29.75445,-7.233817,0.3889894,-0.20287411,8.9084835,-6.1045294,-0.11370994,-7.1507435,0.18905056,-0.19114503,8.862573,-6.1409907,0.08682178
15,-60.55878448486328,-58.36720275878906,55.147711696857954,-0.278936831960282,4.602651877778265,-144.8242004836202,0.0,0.0,44.671337,-61.519516,-30.3747,-62.382175,-5.598143,53.40994,1.1844386,30.042421,-7.4340816,0.3792308,-0.218806,8.921323,-5.965112,-0.14387238,-7.0916014,0.16811454,-0.3056109,8.874269,-5.960959,0.17831275
16,-60.562469482421875,-58.37217712402344,55.32661887294779,-0.26654125914511523,4.99517810989287,-144.62012962116435,0.0,0.0,43.965683,-60.876373,-29.54329,-62.33307,-6.7178855,53.29587,2.2527661,30.308249,-8.081418,0.35703394,-0.2795167,8.957583,-5.5373607,-0.23337424,-6.961933,0.117602296,-0.6580181,8.906271,-5.4174957,0.447313
17,-60.561771392822266,-58.37114334106445,55.61841578884435,-0.30682084335590676,5.980403681648197,-144.22784965368774,0.0,0.0,42.143776,-59.414227,-27.754946,-62.23953,-9.573091,53.095917,4.631566,30.768436,-9.56823,0.39037797,-0.4529223,9.010576,-4.7445927,-0.39196667,-7.13316,0.12416734,-1.3016633,8.924019,-4.4517646,0.86403906
18,-60.565006256103516,-58.37456512451172,56.00067298903795,-0.3153931659153474,7.173101695101583,-143.71949391802644,0.0,0.0,39.87219,-57.748817,-25.415342,-62.154766,-13.241379,53.03254,7.7096663,31.158512,-11.4045315,0.3678169,-0.6589708,9.086866,-3.7042944,-0.5811238,-7.2015886,0.10018084,-2.136836,8.9720955,-3.1739583,1.4369186
19,-60.56966781616211,-58.37860107421875,56.44336033752394,-0.30193415287296144,8.644410032278437,-143.0874956045212,0.0,0.0,36.89611,-55.860542,-22.330542,-62.081036,-17.95281,53.24481,11.612378,31.49923,-13.668626,0.29405612,-0.91683567,9.180588,-2.4127855,-0.7884453,-7.281514,0.08135406,-3.1581476,9.0379505,-1.5936924,2.1395855
20,-60.57404327392578,-58.379947662353516,56.90376652018843,-0.2770260857054188,10.53275221725089,-142.32464885729087,0.0,0.0,32.864536,-53.760246,-18.310076,-61.976013,-23.73144,53.94422,16.209322,31.917896,-16.522327,0.17350611,-1.2476702,9.300144,-0.867485,-1.0012512,-7.5885496,0.10674087,-4.3574185,9.137007,0.26808256,2.9400117
21,-60.58177185058594,-58.38357162475586,57.35330897683443,-0.1880034362972373,12.484673117701252,-141.48747263212957,0.0,0.0,28.281118,-51.93302,-13.608082,-61.88744,-29.807278,55.22304,21.045355,32.268696,-19.499332,-0.0601376,-1.5831745,9.42078,0.8283984,-1.1857765,-7.7464695,0.13155232,-5.6460347,9.235082,2.3262782,3.8288844
22,-60.59186935424805,-58.3872184753418,57.75089271519646,-0.038485949714988525,14.575621105439048,-140.5740901273844,0.0,0.0,23.024565,-50.45471,-8.212778,-61.817757,-36.121693,57.177258,25.925024,32.569923,-22.678541,-0.4032697,-1.9288884,9.549519,2.6526258,-1.3297454,-7.9130144,0.17880556,-7.0051465,9.348957,4.53671,4.7752204
23,-60.60442352294922,-58.390663146972656,58.06207870827879,0.17946852915452818,16.75328493413672,-139.6016473099125,0.0,0.0,17.255322,-49.492374,-2.303936,-61.767727,-42.355846,59.790672,30.541876,32.832287,-26.200443,-0.869721,-2.2613893,10.084444,4.378162,-1.4196756,-8.092189,0.2495417,-8.39446,9.476022,6.8395514,5.7535567
24,-60.619144439697266,-58.39365005493164,58.25859539409669,0.46907285179110836,18.95832759177005,-138.58857693198874,0.0,0.0,11.230192,-49.154247,3.8454313,-61.736862,-48.25366,62.952534,34.662468,33.063503,-30.794428,-1.495591,-2.5321877,12.483793,5.3110585,-1.4458706,-8.2853155,0.3412496,-9.775077,9.618131,9.169552,6.7388387
25,-60.635894775390625,-58.395408630371094,58.32718451492944,0.8281950176637443,21.13093177733413,-137.5548365338108,0.0,0.0,5.259331,-49.46164,9.9100485,-61.72342,-53.648384,66.47323,38.15161,33.269714,-35.162674,-2.2121706,-2.7324805,14.594169,6.3378234,-1.4127698,-9.857906,0.17041513,-11.112239,12.247708,10.382022,7.7174807
26,-60.65389633178711,-58.396507263183594,58.27628188059954,1.2468916834356005,23.212180376391295,-136.52206321145167,0.0,0.0,-0.35741928,-50.34367,15.579377,-61.724506,-58.4524,70.106224,40.967052,33.4579,-39.254406,-2.9880729,-2.8535302,16.47621,7.3763,-1.3261161,-11.192828,-0.0004914612,-12.369819,14.457336,11.682875,8.655811
27,-60.67256164550781,-58.3974609375,58.129036640029256,1.708276097880703,25.14525707731698,-135.514937214132,0.0,0.0,-5.386524,-51.65482,20.616344,-61.737064,-62.630093,73.57846,43.136585,33.63593,-43.004623,-3.7850688,-2.897074,18.15514,8.363723,-1.1974728,-12.357328,-0.17441583,-13.521397,16.372858,12.953114,9.531288
28,-60.69057083129883,-58.39787673950195,57.917364052834614,2.1877072656238923,26.87830405015874,-134.5627571932983,0.0,0.0,-9.683722,-53.206154,24.881298,-61.7578,-66.17076,76.64441,44.73173,33.814957,-46.33157,-4.55965,-2.8764424,19.609652,9.264428,-1.0434176,-13.364513,-0.34525326,-14.544171,18.018557,14.124788,10.320987
29,-60.70692443847656,-58.39789962768555,57.67406343440915,2.653056833037967,28.365088389376158,-133.7014767303931,0.0,0.0,-13.184406,-54.79758,28.320677,-61.78375,-69.06835,79.146614,45.84584,34.005516,-49.161125,-5.267457,-2.8121004,20.81951,10.047773,-0.88251275,-14.208163,-0.5026209,-15.416901,19.386765,15.149104,11.0029
30,-60.72078323364258,-58.39789962768555,57.419774196602035,3.067219000572585,29.56599752588868,-132.97266195039694,0.0,0.0,-15.876614,-56.242992,30.937498,-61.81213,-71.314064,81.03396,46.5781,34.209545,-51.438915,-5.8663497,-2.7267678,21.785658,10.680057,-0.7336103,-14.884146,-0.63750786,-16.118927,20.475292,15.982686,11.557199
31,-60.73122787475586,-58.39769744873047,57.13337383727411,3.393661056831503,30.45132117139668,-132.4173511109812,0.0,0.0,-17.77555,-57.387424,32.763454,-61.8404,-72.89801,82.32209,47.0212,34.42448,-53.107994,-6.3195415,-2.6449075,22.481785,11.147724,-0.61399275,-15.380159,-0.73909223,-16.633064,21.261286,16.601263,11.9659815
32,-60.73769760131836,-58.397525787353516,56.73583846681245,3.601987158894023,30.998559863282086,-132.06985443434843,0.0,0.0,-18.903915,-58.11716,33.836292,-61.865875,-73.80931,83.04197,47.248974,34.636597,-54.131516,-6.600552,-2.586645,22.900845,11.435712,-0.5369011,-15.68914,-0.8013537,-16.946117,21.736286,16.982744,12.21618
33,-60.73991775512695,-58.397483825683594,56.19804480411611,3.6742025994049436,31.17611420492423,-131.95200430487722,0.0,0.0,-19.260609,-58.35716,34.179688,-61.880432,-74.06276,83.249466,47.313656,34.76943,-54.4666,-6.6964536,-2.564922,23.039099,11.532304,-0.5098958,-15.782317,-0.8223272,-17.05082,21.88925,17.113335,12.3009615
34,-63.807552337646484,-61.24808120727539,55.80523586916573,2.7376660212460697,29.698978181058152,-132.92797266466889,0.0,0.0,-23.892874,-59.46064,35.996113,-61.93949,-63.720272,82.16682,41.8385,34.947918,-44.46704,-8.537314,-0.0722873,9.396746,11.366828,-0.98872775,-28.886583,-6.724059,-13.979734,51.582275,17.612743,10.850482
35,-66.50695037841797,-64.11038970947266,54.860303235690765,3.581275152384201,27.75033842702068,-132.76390154102577,0.0,0.0,-35.593296,-61.546906,42.990387,-62.049404,-53.59228,79.93849,37.486748,34.99542,-38.745525,-10.871904,4.277173,9.306098,6.0122313,2.3440678,-47.56461,-15.260809,-9.332465,80.194374,15.078855,3.099116
36,-68.97562408447266,-67.25904083251953,53.74744038896472,4.318362506259802,27.73375635691879,-133.53700071779585,0.0,0.0,-51.621807,-65.91355,51.144882,-62.445793,-42.313995,75.319275,31.88407,34.764656,-31.903423,-12.37613,6.611743,9.745938,-2.9539099,5.9101944,-72.6985,-17.943747,0.49262583,100.41427,16.443169,-3.2521183
37,-71.73672485351562,-70.7749252319336,52.85514790596115,4.257231180706796,29.62946214785302,-136.46765688051582,0.0,0.0,-68.536095,-71.035,59.301304,-62.88231,-31.906588,69.81602,27.293581,34.35487,-24.672043,-11.796761,5.2898645,9.940273,-11.542458,6.4574833,-94.47414,-11.117405,7.840058,106.74321,19.767042,-2.6942089
38,-74.46672821044922,-74.3468246459961,52.39202523701191,2.8264451263804635,30.993833699056783,-140.96463227013888,0.0,0.0,-83.99023,-73.27417,63.276066,-63.367664,-22.796455,63.278496,21.309744,34.044384,-18.356668,-9.8642025,2.5757158,9.447461,-14.791691,2.7431183,-103.11888,-5.120782,7.4375362,92.82,19.767042,-1.0299605
39,-77.4417724609375,-77.84918212890625,52.398271094908246,3.8975120110678554,30.966029845382202,-143.33726798240423,0.0,0.0,-92.29374,-73.38842,66.68549,-63.562176,-14.816527,57.157246,14.295843,33.921497,-10.723426,-8.9185295,7.136036,9.057416,-10.84328,-1.7208475,-95.98105,-1.5978171,8.929604,62.680214,19.767042,4.38192
40,-81.07129669189453,-81.58782196044922,52.44840306881244,5.881105278964323,29.206634435863762,-144.02709446636862,0.0,0.0,-89.06127,-69.467155,66.719284,-63.575085,-9.546055,52.76008,9.301216,33.88468,-2.7073839,-9.801111,8.581759,8.783256,-2.2375815,-4.7369256,-84.91269,-2.1135573,12.177855,38.544903,19.767042,9.818067
41,-84.93952941894531,-85.16028594970703,52.449848997102734,7.664117070603251,26.79302610016136,-144.62761530639162,0.0,0.0,-71.539116,-60.959053,61.3133,-63.413414,-9.718125,49.92964,7.7504697,33.93077,4.056196,-10.907931,8.643148,9.201457,6.6027718,-5.8340926,-77.42447,-2.8910947,14.02744,32.53815,19.767042,13.427709
42,-88.35140991210938,-89.11831665039062,52.818127293968566,7.445762132563234,26.122222391703946,-147.11480027242433,0.0,0.0,-46.88588,-52.977695,51.291687,-63.10572,-17.367456,48.743137,13.0359535,34.01647,-5.3227706,-8.2461605,12.524626,32.085835,5.002414,-3.2783475,-67.838264,-2.3635058,11.45177,28.506077,19.767042,11.486468
43,-91.07839965820312,-92.91790008544922,52.96798101180195,6.330935439340917,25.250261972541484,-149.00661289011612,0.0,0.0,-31.566326,-47.20835,42.407944,-62.33866,-25.408245,50.62647,18.911022,34.112007,-13.996202,-2.5092375,18.547188,51.0556,1.8963314,-0.23528418,-59.371075,-1.2828423,7.4131684,22.181604,19.767042,6.9010167
44,-93.28682708740234,-96.30567169189453,52.67213963589856,5.120221348619322,25.098072640365043,-149.06499114937856,0.0,0.0,-22.861101,-40.031788,32.37517,-61.649345,-34.12843,55.756477,26.359123,34.178616,-24.042603,3.2108073,19.701635,69.72945,0.7932813,1.9538871,-60.83682,0.035039306,3.3491166,33.187366,8.823987,1.6571748
45,-94.9947738647461,-99.24639129638672,52.07841175672935,4.59102115632393,24.411869786143228,-147.50813674121986,0.0,0.0,-0.64200616,-27.828417,-5.3354406,-61.362343,-45.52406,64.278145,34.012875,34.297672,-33.864777,6.3077307,18.665157,84.15192,0.2756427,3.9005,-60.319714,-0.6969574,-0.6988081,42.565292,-3.3433788,-2.6551526
46,-96.26395416259766,-101.94326782226562,51.537052549823855,4.840252884201436,24.024891582362674,-144.71168550607607,0.0,0.0,31.831228,-27.411102,-70.1195,-61.05402,-57.35684,75.54984,41.418934,34.520123,-44.66647,8.093003,18.354229,94.42772,-1.4307818,5.8765306,-56.90863,-3.4876733,-6.4885974,47.69565,-16.79753,-5.5188594
47,-97.22270202636719,-104.70314025878906,51.49833751827687,4.575849987475431,24.519978247989137,-141.9978535098662,0.0,0.0,36.826477,-29.309895,-87.15975,-61.182087,-62.880417,81.60365,46.42555,34.80875,-54.774757,7.8477263,15.776463,98.89816,-2.3136508,7.319607,-53.84645,-6.247669,-10.048857,49.771713,-22.330015,-5.449636
48,-98.04460906982422,-107.5969467163086,52.06917995431151,4.378709700926625,24.87517088382054,-138.52467723519763,0.0,0.0,39.090454,-30.9997,-92.1674,-61.995655,-65.83123,83.920006,49.72235,35.882576,-65.69585,5.7805424,12.387858,100.28497,-2.1836495,7.6428285,-47.043198,-8.584432,-14.5437565,46.3578,-25.120466,-4.0020013
49,-98.923583984375,-110.73250579833984,53.12195713417945,5.106831089850696,24.423068438070253,-133.817572822785,0.0,0.0,39.758083,-33.22776,-93.360435,-62.835953,-67.866844,84.90145,55.46503,36.696556,-75.38575,1.0401163,8.720952,96.34573,-2.4936585,10.096543,-35.138664,-9.228406,-22.256008,36.251198,-24.284906,-0.79579425
50,-99.98255920410156,-114.19056701660156,54.32549817272107,6.212203673969922,23.818701678087105,-127.96280404953589,0.0,0.0,38.694885,-36.272278,-92.951225,-63.658062,-69.24072,84.322845,58.551884,36.950874,-80.773026,-5.025451,6.8845997,87.43054,-2.0873435,11.519436,-22.182112,-6.638935,-28.586073,22.43994,-17.132711,4.719338
51,-101.23809814453125,-117.94917297363281,55.25226620928616,6.330495620688349,23.150162766917713,-124.37728950704545,0.0,0.0,39.35673,-40.230488,-92.06483,-64.41134,-70.62629,83.849525,61.382496,36.896,-80.94783,-10.577827,4.3613305,74.95868,0.5414638,9.590722,-11.419665,-2.9087217,-32.79139,10.078538,-8.737271,9.194233
52,-102.6545639038086,-121.81182098388672,55.71729013368406,6.14295992830779,22.307792966606097,-121.23078589502103,0.0,0.0,40.50274,-43.41336,-92.35913,-65.124344,-71.99715,83.23354,63.76285,36.628902,-76.777084,-14.951746,1.2619205,57.671326,4.5532794,6.7085357,-6.2460203,-1.7226968,-35.80855,9.87407,-5.340902,12.545091
53,-104.21507263183594,-125.8342514038086,55.45596625514699,4.899036435065523,21.701861836233807,-118.4600164549852,0.0,0.0,43.50361,-46.85615,-92.78589,-65.76039,-72.21491,81.725685,63.738132,36.06605,-67.61837,-17.725306,-3.7582917,33.374134,12.970858,3.1760805,-0.6116292,1.3124642,-36.862907,9.755067,1.381948,15.826344
54,-106.08715057373047,-130.169921875,54.03577658006635,1.3688110736748873,20.29468547002265,-117.17214305628735,0.0,0.0,50.48881,-49.512527,-97.72816,-66.20332,-70.73629,78.95279,61.6368,35.420612,-57.242294,-17.871202,-6.073753,12.05219,19.767042,0.72086567,7.480151,6.5096703,-35.213448,9.797432,8.270869,18.88186
55,-108.07701110839844,-134.79623413085938,52.06792014112939,-2.8930729659383707,17.552995724760933,-116.74408166686904,0.0,0.0,56.98512,-51.42684,-102.9163,-66.5234,-65.97798,76.93866,60.013992,34.94731,-54.695328,-17.03178,-3.7603245,8.91614,18.206375,-0.4194289,18.595572,12.257331,-32.89883,9.599491,14.370166,19.767042
56,-109.97200012207031,-139.65676879882812,50.47339977431269,-5.941477835101449,15.007869386701383,-116.12651798788252,0.0,0.0,61.59922,-53.276485,-107.831474,-66.735054,-62.106693,72.53429,57.596672,34.556984,-52.995167,-15.83554,1.4172517,8.6406765,15.110396,-0.4351656,29.758774,14.931642,-28.60621,10.602344,19.767042,19.767042
57,-111.6186294555664,-144.66505432128906,49.5429738367818,-7.531494630722841,11.588991186690032,-114.56154833713494,0.0,0.0,65.57803,-54.83112,-111.28096,-66.965546,-56.505806,65.19681,53.58415,34.137344,-49.989265,-14.79856,6.7029448,8.757032,14.270202,-0.31652266,35.64514,13.495398,-25.263395,24.191225,19.767042,19.767042
58,-112.76758575439453,-149.39576721191406,49.3029559425496,-7.490811434847179,8.77375124442541,-112.19441109767214,0.0,0.0,68.30697,-55.598278,-112.31592,-67.15289,-47.54445,54.75301,46.138355,33.798607,-46.301224,-14.24564,8.960873,9.179521,16.752249,0.31961602,36.6603,9.251739,-23.450232,45.33788,19.767042,19.767042
59,-113.13823699951172,-153.5576171875,49.574172699686294,-6.58581570276254,6.433395470627665,-110.61697502793288,0.0,0.0,69.90085,-57.397575,-112.20494,-67.3998,-35.86796,44.929394,34.269413,33.476223,-41.579514,-13.80999,11.790051,9.76992,14.542804,2.234918,38.10969,5.7988567,-19.447294,61.504143,19.767042,19.767042
60,-113.05889129638672,-157.31463623046875,50.16670817325755,-5.561428025854171,4.736924404522165,-109.23976165412435,0.0,0.0,69.90085,-57.204395,-111.907265,-67.87674,-23.351593,37.180836,19.79087,33.277428,-36.83137,-14.534174,14.147933,10.377062,10.976921,5.026718,39.135727,1.7326148,-16.063204,73.339874,19.767042,19.767042
61,-112.68821716308594,-160.77980041503906,50.83295916747236,-4.125401562670045,3.8560138462838722,-107.67601518307173,0.0,0.0,69.90085,-57.063965,-111.00332,-68.698166,-5.9171495,30.242325,1.0592121,33.30284,-32.53237,-15.426351,16.074968,11.138163,7.639843,8.114593,38.390247,-2.8649678,-11.299713,85.501236,19.767042,19.767042
62,-112.08989715576172,-164.39178466796875,51.43618217490894,-3.0412108740514725,2.910744169590674,-107.91604815712131,0.0,0.0,69.90085,-54.54376,-110.18903,-69.60645,13.819069,27.092224,-21.151386,33.327057,-27.692198,-15.933699,16.687738,11.493479,3.891267,8.99084,34.541645,-7.165395,-3.7673683,94.150604,19.767042,19.767042
63,-111.23676300048828,-167.8188018798828,51.929288677778004,-2.0431763719459295,1.9517211098961964,-107.91276355309758,0.0,0.0,69.90085,-50.32874,-109.17064,-70.611015,33.3568,27.219929,-44.33307,33.555275,-23.023977,-17.013079,15.739243,11.489801,0.5419323,9.359001,25.174923,-11.144446,5.9734664,102.21211,19.767042,19.767042
64,-110.0653076171875,-170.84336853027344,52.297386862038785,-1.823641292226606,3.2303985977521226,-108.84022221672718,0.0,0.0,69.90085,-43.944473,-105.241844,-72.437706,42.457687,30.333706,-55.41226,34.079567,-20.20488,-17.25553,14.546521,11.324398,-1.7667099,8.659556,9.568968,-12.605209,16.794558,108.702034,19.767042,19.767042
65,-108.40646362304688,-173.44625854492188,52.64364162377493,-2.013080516346583,4.658171623554599,-110.51321842171743,0.0,0.0,69.90085,-32.837883,-98.769615,-73.59111,42.88934,33.553837,-56.846977,34.366524,-22.793451,-16.535328,16.360062,17.053602,-3.896799,7.1698985,-13.854961,-12.595434,29.400145,108.01032,19.767042,19.767042
66,-106.50304412841797,-175.66683959960938,52.73043800699962,-2.45944893109847,6.04614757395076,-112.7595307705905,0.0,0.0,69.90085,-14.487121,-86.79408,-73.09219,39.36554,37.497776,-49.956627,34.381416,-30.39282,-13.305209,22.863094,26.91804,-4.7669134,6.1099725,-37.216354,-14.33009,40.394066,90.03209,14.551692,19.767042
67,-105.14856719970703,-177.95172119140625,52.674429716965825,-3.904579252214431,5.797345285385059,-116.37600353537798,0.0,0.0,47.24389,8.634388,-53.65939,-72.978134,34.22152,44.403614,-39.19473,34.206665,-38.99435,-5.657105,26.041843,40.650024,-1.7795905,1.6115831,-49.55236,-14.6721945,41.891087,52.01149,16.20836,19.767042
68,-105.74897766113281,-178.8188018798828,52.13126974527603,-4.877186294353626,6.006660921507649,-118.81196693679983,0.0,0.0,69.90085,23.176298,-72.447105,-72.711296,32.750412,49.601036,-31.83825,34.00046,-44.14684,-0.014516353,25.33323,50.228638,-5.241684,-0.11861662,-50.57745,-14.498169,37.62605,22.992077,19.767042,19.767042
69,-107.7789306640625,-179.80645751953125,51.55637673169357,-3.7797526873484055,4.215043752098307,-120.20515966450071,0.0,0.0,69.90085,33.046524,-69.316765,-73.713455,35.84476,55.13997,-29.883896,33.909725,-43.422024,3.9440892,26.436762,58.06741,-11.389112,-1.1669484,-58.783733,-7.8920937,34.70773,15.146259,19.767042,19.661966
70,-108.84829711914062,-181.22789001464844,51.71527676037084,-1.9132386011996163,2.962721383544351,-121.66748826914831,0.0,0.0,69.90085,37.301323,-66.057755,-76.10727,39.810802,61.138947,-29.618643,33.82433,-38.32506,3.1835053,27.152739,57.130856,-15.787589,-2.3347855,-68.06014,0.8509491,31.41014,17.041473,19.767042,18.045713
71,-107.74142456054688,-183.81491088867188,52.36202506394916,-0.8054695317247732,2.6069545323495835,-122.69077825671404,0.0,0.0,69.90085,41.28289,-65.541115,-78.567535,41.792225,65.70824,-27.315554,33.72985,-30.955816,-1.5550076,25.525427,49.486813,-18.096912,-3.9252155,-77.40053,10.256419,30.681232,23.978077,19.767042,17.806673
72,-106.70218658447266,-186.28781127929688,53.196968916368085,0.23824070702222766,1.0636915976804973,-122.79355239467054,0.0,0.0,69.90085,47.2178,-66.66317,-81.230446,43.39656,69.04528,-25.750141,33.610855,-21.751705,-4.8095255,26.280727,40.640415,-17.972765,-3.671347,-82.22627,16.917372,30.652514,27.512154,19.767042,18.34166
73,-105.67861938476562,-189.02830505371094,54.17989391784776,2.0412750299121916,-0.46063647607310154,-122.61946055073035,0.0,0.0,69.90085,57.540215,-72.25792,-83.5707,46.73915,72.6482,-23.24423,33.470932,-9.504076,-11.037639,24.610867,24.60578,-13.002774,-3.5725186,-86.7481,22.91831,30.002018,27.872822,19.767042,19.767042
74,-104.56536102294922,-191.8470458984375,55.20367649994057,4.262827486823635,-2.438781880178207,-120.64895165077581,0.0,0.0,69.90085,67.25502,-78.95795,-85.71133,50.203236,76.84627,-24.605753,33.25523,0.93877476,-15.604864,22.524538,9.740549,-4.033413,-4.2830143,-84.94586,22.91831,30.238516,18.127298,19.767042,19.767042
75,-103.24213409423828,-194.42965698242188,56.109341725600984,4.697961269741568,-3.2364135809774757,-115.67729653729991,0.0,0.0,69.90085,77.88695,-86.49867,-86.86471,50.467617,81.056175,-25.115261,33.109425,2.1618614,-15.675053,19.579205,9.072638,-1.980728,-5.07159,-86.86394,22.91831,30.094402,17.667732,19.767042,19.767042
76,-102.11311340332031,-196.58465576171875,57.01461273900097,4.72057093422927,-4.824426459097013,-110.88862390288672,0.0,0.0,69.90085,79.6079,-88.198616,-88.71242,50.55797,80.10407,-26.651575,32.976494,3.615306,-15.16047,18.047167,8.636781,1.5693572,-6.459564,-83.582146,22.91831,32.375572,19.419186,19.767042,19.767042
77,-101.11963653564453,-198.50123596191406,58.103346202973675,4.938733893494227,-4.801176934370391,-105.88193244789012,0.0,0.0,69.90085,77.51835,-86.37675,-89.954956,51.486202,76.66288,-30.891691,33.073044,4.700979,-14.527482,15.058656,8.228011,6.802622,-9.565853,-78.63715,22.91831,33.833427,23.96188,19.767042,19.767042
78,-100.32643127441406,-198.82090759277344,58.9506705446286,2.1535885541438198,-0.19343380820740455,-91.23312167654979,0.0,0.0,69.90085,35.84714,-62.141262,-94.41937,45.475838,54.43772,-48.961952,33.643845,6.775463,-11.232371,13.417988,7.2935266,15.224291,-15.630047,-47.017673,22.91831,47.41187,31.316614,19.767042,19.767042
79,-100.34828186035156,-198.81895446777344,59.35600150303152,2.1190439787538757,-0.38358379226616796,-91.43912631830727,0.0,0.0,69.90085,30.190733,-59.23583,-99.56957,45.731197,54.627037,-48.94029,33.940983,6.9496465,-11.114722,13.378686,7.2965302,15.124826,-15.597385,-46.844994,22.91831,47.209286,31.416943,19.767042,19.767042
80,-100.41563415527344,-198.81446838378906,59.555690798271044,2.2078219782953514,-0.780556675465504,-92.21172495039127,0.0,0.0,69.90085,17.236553,-51.32244,-104.973564,45.775967,54.357357,-48.540726,34.103756,7.326191,-11.017069,13.407981,7.227314,14.8508,-15.465446,-46.44509,22.91831,46.90838,31.742493,19.767042,19.767042
81,-100.50555419921875,-198.81300354003906,59.57617352835056,2.1039103467761686,-0.9379013298378462,-93.52915603610315,0.0,0.0,69.90085,10.904653,-48.769924,-109.2424,45.07125,53.897526,-47.511684,34.187405,7.2136526,-10.542696,13.575648,7.446446,14.296025,-15.272867,-46.22455,22.91831,46.324333,31.92846,19.767042,19.767042
82,-100.62364196777344,-198.8129425048828,59.523152449077365,1.9184997063006206,-0.9620788223134331,-95.32423218153929,0.0,0.0,69.90085,6.6349177,-47.1109,-110.33576,43.819855,53.282227,-46.008244,34.223988,6.849697,-9.844075,13.800062,7.749962,13.555696,-15.003778,-46.098763,22.91831,45.507866,32.149555,19.767042,19.767042
83,-100.76815032958984,-198.8117218017578,59.44749121645758,1.73823304695688,-0.968836840832917,-97.55554070758994,0.0,0.0,69.90085,2.5129886,-45.55574,-110.38423,42.190266,52.529373,-44.12383,34.222805,6.5287447,-9.0791445,14.020108,7.858734,12.74678,-14.6395855,-45.939125,22.91831,44.539646,32.513206,19.767042,19.767042
84,-100.95221710205078,-198.72911071777344,59.3233697603558,2.0561140199777403,-0.8930325045747335,-99.92299015678219,0.0,0.0,-28.562723,-25.651869,51.30658,-106.75359,40.568405,51.46516,-42.575237,34.20504,5.9398046,-8.763028,13.992176,7.9891233,11.940268,-14.076904,-46.29509,22.91831,43.46818,33.94741,19.767042,19.767042
85,-101.09634399414062,-198.6256866455078,59.190819159131806,1.9095055928593914,-0.6189752618934296,-102.38337884423979,0.0,0.0,-24.167173,-26.443974,47.232635,-102.95497,38.382614,50.868874,-40.562355,34.18172,4.945639,-7.8365874,13.763474,8.302133,11.024353,-13.452387,-46.86358,22.91831,41.72372,35.29939,19.767042,19.767042
86,-101.23432922363281,-198.4965057373047,59.044513967433474,1.793906357618346,-0.3170601739127134,-105.16987476933767,0.0,0.0,-17.75827,-26.792116,41.11854,-99.8437,35.89482,50.210052,-38.24535,34.13738,3.938087,-6.9295917,13.515401,8.503228,10.059812,-12.740577,-47.31727,22.91831,40.034927,36.70782,19.767042,19.767042
87,-101.34477233886719,-198.33984375,58.85970962833786,1.6234433133552144,0.05191317050643615,-108.12507846158132,0.0,0.0,-8.946138,-26.801975,32.60617,-97.8104,33.118416,49.675915,-35.65442,34.10221,2.7936676,-5.9447975,13.145939,8.735487,9.027227,-11.954481,-47.035652,22.041573,38.38494,36.7993,19.767042,19.767042
88,-101.40185546875,-198.17437744140625,58.65645044110639,1.4464198098698922,0.44677287199179416,-111.18633875812576,0.0,0.0,-2.3697524,-28.093365,25.971506,-94.13729,30.02575,49.232117,-32.70768,34.02553,1.5947496,-4.996679,12.631743,8.959433,7.9413753,-11.0723505,-44.718113,18.78958,36.70634,33.240883,19.767042,19.702082
89,-101.46708679199219,-198.01536560058594,58.428041494179645,1.2082326812903479,0.8463442243989413,-114.30074621188719,0.0,0.0,4.4255676,-29.664217,18.989359,-90.718445,26.845512,48.99917,-29.663504,33.96532,0.46049774,-3.9882314,11.942387,9.096378,6.8244805,-10.193225,-41.892235,15.437044,33.70899,29.197527,19.767042,17.511057
90,-101.50343322753906,-197.858154296875,58.17683496032852,0.9687149419775594,1.2682895566457701,-117.47737917267345,0.0,0.0,11.040789,-31.641228,12.018763,-87.48246,23.60253,48.91912,-26.549355,33.912804,-0.62818265,-3.0547602,11.156524,9.132093,5.703607,-9.273727,-38.409916,12.129233,30.693153,24.558802,19.767042,15.421825
91,-101.51346588134766,-197.71255493164062,57.903077196930795,0.7127463698366792,1.7024353564172383,-120.66716286104625,0.0,0.0,17.175379,-34.008186,5.362913,-84.42265,20.36047,49.006947,-23.420616,33.86506,-1.6745939,-2.1837788,10.283613,9.127603,4.560685,-8.3346405,-34.25438,8.984606,27.627937,19.297016,19.767042,13.446369
92,-101.50277709960938,-197.58770751953125,57.61419686694199,0.45210719656167164,2.133794746922056,-123.81591750480743,0.0,0.0,22.648651,-36.70894,-0.77609813,-81.54342,17.202913,49.25228,-20.35542,33.82156,-2.6582313,-1.3976611,9.331495,9.103,3.3972545,-7.389051,-29.433975,6.1053348,24.503792,13.428821,19.767042,11.592297
93,-101.4847412109375,-197.50657653808594,57.30318312084958,0.24719958335473535,2.5113604389711424,-126.8192730714576,0.0,0.0,27.342928,-39.6624,-6.193247,-78.84758,14.29811,49.60633,-17.508427,33.783688,-3.4988096,-0.78511536,8.26613,9.0622425,2.2043402,-6.432003,-25.028057,3.954813,21.226429,9.101755,18.59231,9.851846
94,-101.47280883789062,-197.4708251953125,56.974272125507554,0.12095507717341418,2.808186731629844,-129.61514784709982,0.0,0.0,31.27461,-42.746662,-10.840563,-76.333374,11.735516,50.019806,-14.95598,33.75238,-4.1771994,-0.36946028,7.093912,9.036784,0.9834306,-5.4757466,-22.597534,2.9038975,17.831593,9.062631,14.910239,8.211775
95,-101.46177673339844,-197.44509887695312,56.65481417151432,0.012570013794227156,3.0895304003957262,-132.25938093983774,0.0,0.0,34.547615,-45.841187,-14.895721,-73.99312,9.387055,50.48916,-12.593743,33.72571,-4.7848716,-0.050538898,5.9262547,9.01351,-0.19925745,-4.5633583,-20.160517,2.0523207,14.632604,9.035231,11.355614,6.7125793
96,-101.45230102539062,-197.427001953125,56.3516275105705,-0.07792444613305156,3.3528146110267056,-134.7212329878606,0.0,0.0,37.218803,-48.84192,-18.394178,-71.81815,7.268977,50.98711,-10.4410095,33.70265,-5.3201075,0.18015113,4.793461,8.991785,-1.321595,-3.707647,-17.779287,1.3949196,11.670424,9.009191,7.996428,5.3572183
97,-101.44450378417969,-197.4145050048828,56.07015530121817,-0.14943848547441638,3.596029598772194,-136.9716159886124,0.0,0.0,39.344444,-51.65262,-21.370884,-69.798355,5.391209,51.4868,-8.512839,33.682552,-5.7839932,0.3321556,3.7242339,8.972032,-2.3633387,-2.9201667,-15.519253,0.91445863,8.982387,8.9825945,4.8924103,4.148681
98,-101.43814086914062,-197.40591430664062,55.81564454820459,-0.20256609395438072,3.8168217651040983,-138.98381213626018,0.0,0.0,40.975597,-54.18626,-23.85637,-67.92283,3.7589974,51.96443,-6.8203163,33.665096,-6.179605,0.4185297,2.7450495,8.954984,-3.3054104,-2.2118328,-13.442473,0.5861629,6.6006765,8.9566555,2.0964365,3.0899806
99,-101.43278503417969,-197.39991760253906,55.59255100964504,-0.23925003689515603,4.01233297714421,-140.73336234226556,0.0,0.0,42.154007,-56.366512,-25.873213,-66.180466,2.3747976,52.399784,-5.371874,33.65004,-6.509148,0.45434916,1.8790776,8.940165,-4.131037,-1.5927839,-11.602018,0.38001904,4.5514674,8.931373,-0.34476078,2.184661
100,-101.4281997680664,-197.39564514160156,55.40474717019582,-0.2622109345832406,4.179195177299707,-142.19810547046532,0.0,0.0,42.91059,-58.12921,-27.434248,-64.56043,1.2400125,52.77645,-4.1746984,33.6373,-6.7762165,0.45537904,1.145611,8.928828,-4.8259783,-1.0722198,-10.042218,0.26447067,2.854406,8.9082575,-2.3925424,1.436503
101,-101.42430114746094,-197.3926239013672,55.25540126645248,-0.27487846974447605,4.313631911579355,-143.35880814564888,0.0,0.0,43.26523,-59.423996,-28.54315,-63.052616,0.355876,53.081482,-3.235528,33.626884,-6.9818316,0.43692386,0.5599624,8.919753,-5.3780665,-0.6581612,-8.796908,0.20967336,1.523342,8.888995,-4.016403,0.8493483
102,-101.42118835449219,-197.39047241210938,55.14670409586576,-0.2806485667242992,4.412102901873375,-144.19956724116776,0.0,0.0,43.2265,-60.21527,-29.193935,-61.648056,-0.27649322,53.30558,-2.5599005,33.618866,-7.127457,0.41259596,0.1335907,8.913199,-5.778558,-0.35735348,-7.890397,0.18989874,0.56724083,8.873902,-5.1924267,0.42695805
103,-101.41910552978516,-197.38906860351562,55.080022721986296,-0.2823383455108211,4.471515686646541,-144.70843422338268,0.0,0.0,42.791195,-60.483086,-29.370935,-60.339104,-0.6560701,53.442078,-2.152562,33.61333,-7.213579,0.39296272,-0.12571466,8.909059,-6.021121,-0.17478584,-7.33978,0.18569738,-0.008659847,8.86544,-5.9049487,0.17217045
104,-101.41822052001953,-197.38832092285156,55.055274416069295,-0.2818150996254268,4.489844453109727,-144.87795061661743,0.0,0.0,41.94281,-60.223484,-29.047352,-59.118954,-0.7818864,53.487175,-2.0166023,33.61037,-7.240958,0.384694,-0.21347262,8.907771,-6.102066,-0.11353642,-7.153426,0.18479915,-0.20172733,8.862557,-6.143646,0.08698273
105,-101.41798400878906,-197.38787841796875,55.05252000565552,-0.28061067892929636,4.487294950607848,-144.87652171922807,0.0,0.0,40.907753,-59.72414,-28.473946,-57.978973,-0.780049,53.48612,-2.017211,33.609222,-7.239189,0.3834485,-0.21473713,8.908248,-6.1017647,-0.11355533,-7.150711,0.18351421,-0.20298791,8.862356,-6.1436057,0.08700872
106,-101.41775512695312,-197.3874969482422,55.05152873359543,-0.2795174450205714,4.484862211156086,-144.8751463918398,0.0,0.0,39.928486,-59.26473,-27.92495,-56.911266,-0.7775277,53.485165,-2.0182955,33.60875,-7.2370872,0.38219804,-0.21596277,8.90805,-6.101238,-0.11345536,-7.1477585,0.18234687,-0.2042093,8.8618965,-6.143657,0.08703065
107,-101.41752624511719,-197.38711547851562,55.05119829494919,-0.27853640422736364,4.482557178024396,-144.8738578137821,0.0,0.0,39.002296,-58.841778,-27.400152,-55.910934,-0.7748508,53.484314,-2.0194957,33.608543,-7.2348604,0.3811791,-0.21711338,8.907567,-6.1006756,-0.1134701,-7.1458383,0.18129484,-0.20536777,8.8628235,-6.1442046,0.08704925
108,-101.41732788085938,-197.3867645263672,55.051031398169556,-0.2776199749672782,4.480378366326665,-144.87263076040819,0.0,0.0,38.126564,-58.452168,-26.899107,-54.973442,-0.7722596,53.483532,-2.0206726,33.608387,-7.232871,0.38021305,-0.21820965,8.907329,-6.1002507,-0.113471076,-7.143117,0.18034013,-0.20646515,8.862301,-6.1442223,0.08704136
109,-101.41712188720703,-197.38644409179688,55.050926820555006,-0.2767998423982242,4.478307042587283,-144.87149302618172,0.0,0.0,37.29881,-58.093037,-26.421326,-54.094616,-0.7697858,53.48283,-2.0217812,33.608273,-7.2308555,0.37929133,-0.21922927,8.907008,-6.099878,-0.11341703,-7.140955,0.1794512,-0.20749113,8.86234,-6.1443477,0.08706477
110,-101.41692352294922,-197.38613891601562,55.050855570871434,-0.27605232205886554,4.476344941381374,-144.87042565358354,0.0,0.0,36.516613,-57.761787,-25.966227,-53.270588,-0.7674591,53.482197,-2.0228145,33.608154,-7.229406,0.37848735,-0.22020005,8.907076,-6.099437,-0.11340532,-7.138964,0.17867018,-0.20845617,8.862352,-6.1443825,0.087056816
111,-101.41673278808594,-197.38584899902344,55.050771354192364,-0.2753659330671784,4.474490867852901,-144.8694237317898,0.0,0.0,35.777756,-57.45609,-25.533184,-52.497833,-0.76525396,53.481613,-2.023785,33.608055,-7.2276945,0.3777402,-0.22110584,8.906886,-6.099104,-0.11338798,-7.13718,0.17787674,-0.20935819,8.862767,-6.144725,0.08712245
112,-101.41654968261719,-197.38558959960938,55.05069116169071,-0.27471824612721146,4.472746276934656,-144.868476608466,0.0,0.0,35.080044,-57.17379,-25.121546,-51.773056,-0.7631628,53.481087,-2.0247114,33.607964,-7.226339,0.3770339,-0.22195828,8.907045,-6.098872,-0.11337025,-7.1352334,0.17716585,-0.21020615,8.862519,-6.14468,0.08714875
113,-101.4163818359375,-197.3853302001953,55.05062003087332,-0.2741371146427683,4.471083118207728,-144.86760571832014,0.0,0.0,34.4215,-56.91299,-24.730627,-51.093273,-0.76122177,53.480576,-2.0255446,33.607857,-7.224711,0.3764173,-0.22274859,8.906518,-6.098311,-0.11337077,-7.1333733,0.17659572,-0.21100296,8.862398,-6.144749,0.087103345
114,-101.41622161865234,-197.38510131835938,55.05055257768521,-0.2736024079058474,4.46952171606768,-144.8667825163201,0.0,0.0,33.80022,-56.671925,-24.359789,-50.455753,-0.7593806,53.48014,-2.0263374,33.607777,-7.2233567,0.37584302,-0.22350127,8.906365,-6.0979514,-0.11336643,-7.131742,0.1759904,-0.21175107,8.862539,-6.1449676,0.08714116
115,-101.41606140136719,-197.38487243652344,55.05050869529585,-0.27311633767280014,4.468056396141533,-144.86601119884892,0.0,0.0,33.214474,-56.449066,-24.008371,-49.858,-0.75762105,53.47972,-2.0270944,33.60771,-7.2219725,0.37526065,-0.22419716,8.906209,-6.097715,-0.11330259,-7.1304817,0.17549448,-0.21245362,8.862927,-6.1451473,0.08711913
116,-101.41592407226562,-197.38467407226562,55.05046025185743,-0.27266071704156736,4.4666617367292645,-144.86529099285454,0.0,0.0,32.66269,-56.243027,-23.675758,-49.29779,-0.75599724,53.47936,-2.0277846,33.60763,-7.220921,0.37483266,-0.22486016,8.906385,-6.0975475,-0.113361925,-7.1288595,0.17498621,-0.21311584,8.862742,-6.1451883,0.08714301
117,-101.41577911376953,-197.3844757080078,55.05041391944317,-0.27225338685115724,4.46535438661837,-144.864620567715,0.0,0.0,32.143364,-56.052532,-23.361376,-48.77307,-0.75447744,53.479015,-2.028416,33.607548,-7.2197723,0.37439984,-0.22547555,8.906262,-6.097268,-0.1133653,-7.127459,0.17452753,-0.21372607,8.862657,-6.145196,0.0871675
118,-101.4156494140625,-197.38429260253906,55.0504081074761,-0.2718640650381831,4.46412409187153,-144.8639910051682,0.0,0.0,31.655182,-55.87649,-23.064672,-48.282017,-0.7530125,53.478695,-2.02904,33.6075,-7.2187395,0.37390715,-0.22604463,8.906336,-6.097144,-0.11328897,-7.1260595,0.17412943,-0.21430013,8.862643,-6.145348,0.087151505
