0.00000000,0.00000000,0.49052085,-0.01165311,0.03742384,0.23605271,0.97094942,0.00000000,0.00000000,0.75776594,-1.10653145,-0.48942710,-1.08252139,-0.09653936,0.88338105,0.01827959,0.51938393,-0.12625462,0.00673870,-0.00356336,0.15548979,-0.10653691,-0.00194068,-0.12478973,0.00324969,-0.00335851,0.15468338,-0.10718299,0.00155883
0.00000000,0.00000000,0.49052085,-0.01165311,0.03742384,0.23605271,0.97094942,0.00000000,0.00000000,0.75776594,-1.10653145,-0.48942710,-1.08252139,-0.09653936,0.88338105,0.01827959,0.51938393,-0.12625462,0.00673870,-0.00356336,0.15548979,-0.10653691,-0.00194068,-0.12478973,0.00324969,-0.00335851,0.15468338,-0.10718299,0.00155883
0.00000000,0.00000000,0.49052085,-0.01165311,0.03742384,0.23605271,0.97094942,0.00000000,0.00000000,0.75776594,-1.10653145,-0.48942710,-1.08252139,-0.09653936,0.88338105,0.01827959,0.51938393,-0.12625462,0.00673870,-0.00356336,0.15548979,-0.10653691,-0.00194068,-0.12478973,0.00324969,-0.00335851,0.15468338,-0.10718299,0.00155883
0.00000000,0.00000000,0.49052085,-0.01165311,0.03742384,0.23605271,0.97094942,0.00000000,0.00000000,0.75776594,-1.10653145,-0.48942710,-1.08252139,-0.09653936,0.88338105,0.01827959,0.51938393,-0.12625462,0.00673870,-0.00356336,0.15548979,-0.10653691,-0.00194068,-0.12478973,0.00324969,-0.00335851,0.15468338,-0.10718299,0.00155883
0.00000000,0.00000000,0.49052085,-0.01165311,0.03742384,0.23605271,0.97094942,0.00000000,0.00000000,0.75776594,-1.10653145,-0.48942710,-1.08252139,-0.09653936,0.88338105,0.01827959,0.51938393,-0.12625462,0.00673870,-0.00356336,0.15548979,-0.10653691,-0.00194068,-0.12478973,0.00324969,-0.00335851,0.15468338,-0.10718299,0.00155883
0.00000000,0.00000000,0.49052085,-0.01165311,0.03742384,0.23605271,0.97094942,0.00000000,0.00000000,0.75776594,-1.10653145,-0.48942710,-1.08252139,-0.09653936,0.88338105,0.01827959,0.51938393,-0.12625462,0.00673870,-0.00356336,0.15548979,-0.10653691,-0.00194068,-0.12478973,0.00324969,-0.00335851,0.15468338,-0.10718299,0.00155883
0.00000000,0.00000000,0.49052085,-0.01165311,0.03742384,0.23605271,0.97094942,0.00000000,0.00000000,0.75776594,-1.10653145,-0.48942710,-1.08252139,-0.09653936,0.88338105,0.01827959,0.51938393,-0.12625462,0.00673870,-0.00356336,0.15548979,-0.10653691,-0.00194068,-0.12478973,0.00324969,-0.00335851,0.15468338,-0.10718299,0.00155883
0.00000000,0.00000000,0.49052085,-0.01165311,0.03742384,0.23605271,0.97094942,0.00000000,0.00000000,0.75776594,-1.10653145,-0.48942710,-1.08252139,-0.09653936,0.88338105,0.01827959,0.51938393,-0.12625462,0.00673870,-0.00356336,0.15548979,-0.10653691,-0.00194068,-0.12478973,0.00324969,-0.00335851,0.15468338,-0.10718299,0.00155883
0.00000000,0.00000000,0.49052085,-0.01165311,0.03742384,0.23605271,0.97094942,0.00000000,0.00000000,0.75776594,-1.10653145,-0.48942710,-1.08252139,-0.09653936,0.88338105,0.01827959,0.51938393,-0.12625462,0.00673870,-0.00356336,0.15548979,-0.10653691,-0.00194068,-0.12478973,0.00324969,-0.00335851,0.15468338,-0.10718299,0.00155883
0.00000000,0.00000000,0.49052089,-0.01165311,0.03742384,0.23605271,0.97094942,0.00000000,0.00000000,0.75776594,-1.10653145,-0.48942710,-1.08252139,-0.09653936,0.88338105,0.01827959,0.51938393,-0.12625462,0.00673870,-0.00356336,0.15548979,-0.10653691,-0.00194068,-0.12478973,0.00324969,-0.00335851,0.15468338,-0.10718299,0.00155883
0.00000000,0.00000000,0.49052149,-0.01165311,0.03742384,0.23605271,0.97094942,0.00000000,0.00000000,0.75776594,-1.10653145,-0.48942710,-1.08252139,-0.09653936,0.88338105,0.01827959,0.51938393,-0.12625462,0.00673870,-0.00356336,0.15548979,-0.10653691,-0.00194068,-0.12478973,0.00324969,-0.00335851,0.15468338,-0.10718299,0.00155883
0.00000000,0.00000000,0.49052660,-0.01165311,0.03742384,0.23605271,0.97094942,0.00000000,0.00000000,0.75776594,-1.10653145,-0.48942710,-1.08252139,-0.09653936,0.88338105,0.01827959,0.51938393,-0.12625462,0.00673870,-0.00356336,0.15548979,-0.10653691,-0.00194068,-0.12478973,0.00324969,-0.00335851,0.15468338,-0.10718299,0.00155883
0.00000000,0.00000000,0.49055579,-0.01165311,0.03742384,0.23605271,0.97094942,0.00000000,0.00000000,0.75776594,-1.10653145,-0.48942710,-1.08252139,-0.09653936,0.88338105,0.01827959,0.51938393,-0.12625462,0.00673870,-0.00356336,0.15548979,-0.10653691,-0.00194068,-0.12478973,0.00324969,-0.00335851,0.15468338,-0.10718299,0.00155883
0.00000000,0.00000000,0.49067223,-0.01165311,0.03742384,0.23605271,0.97094942,0.00000000,0.00000000,0.75776594,-1.10653145,-0.48942710,-1.08252139,-0.09653936,0.88338105,0.01827959,0.51938393,-0.12625462,0.00673870,-0.00356336,0.15548979,-0.10653691,-0.00194068,-0.12478973,0.00324969,-0.00335851,0.15468338,-0.10718299,0.00155883
0.00000000,0.00000000,0.49100758,-0.01165311,0.03742384,0.23605271,0.97094942,0.00000000,0.00000000,0.75776594,-1.10653145,-0.48942710,-1.08252139,-0.09653936,0.88338105,0.01827959,0.51938393,-0.12625462,0.00673870,-0.00356336,0.15548979,-0.10653691,-0.00194068,-0.12478973,0.00324969,-0.00335851,0.15468338,-0.10718299,0.00155883
0.00002546,0.00001190,0.49199436,-0.01195174,0.03842317,0.23545632,0.97105156,0.00000000,0.00000000,0.75154768,-1.10124394,-0.48574105,-1.08154074,-0.09692056,0.88404330,0.02217850,0.52438138,-0.12522701,0.00717082,-0.00147452,0.15570946,-0.10342601,-0.00353470,-0.12831684,0.00345157,-0.00303220,0.15489671,-0.10472691,0.00208914
0.00008628,0.00004566,0.49402633,-0.01284614,0.04175775,0.23364609,0.97133968,0.00000000,0.00000000,0.73286375,-1.08610647,-0.47446116,-1.08069112,-0.10929326,0.88623858,0.04005375,0.52895442,-0.12298904,0.00821163,0.00480683,0.15629895,-0.09399684,-0.00820994,-0.13968600,0.00389542,-0.00197251,0.15552522,-0.09723502,0.00367228
0.00008976,0.00008957,0.49712251,-0.01452901,0.05021526,0.23018841,0.97174103,0.00000000,0.00000000,0.68982620,-1.05454249,-0.44768177,-1.07910702,-0.14470687,0.89099030,0.07931881,0.53685912,-0.12601508,0.00859240,0.01605652,0.15672317,-0.07725703,-0.01550488,-0.16554437,0.00363356,0.00083059,0.15630979,-0.08338797,0.00641540
0.00014889,0.00015806,0.50104834,-0.01681005,0.06040322,0.22569987,0.97217717,0.00000000,0.00000000,0.63483262,-1.01781516,-0.41221183,-1.07774430,-0.18984431,0.89924384,0.12996679,0.54349734,-0.12728282,0.00961177,0.03070313,0.15770464,-0.05509417,-0.02552130,-0.19756520,0.00438417,0.00415477,0.15752574,-0.06522090,0.00969933
0.00022801,0.00024713,0.50553546,-0.01969792,0.07295029,0.22009151,0.97254819,0.00000000,0.00000000,0.56300231,-0.97571065,-0.36353344,-1.07666070,-0.24751279,0.91307383,0.19322318,0.54920836,-0.12873421,0.01068614,0.04865159,0.15898681,-0.02768059,-0.03781837,-0.23707809,0.00610563,0.00831844,0.15905185,-0.04268028,0.01329064
0.00029387,0.00035229,0.51017540,-0.02326168,0.08904790,0.21335865,0.97262914,0.00000000,0.00000000,0.46785366,-0.93020475,-0.29688913,-1.07524412,-0.31776438,0.93496408,0.26651881,0.55618402,-0.13409040,0.01109693,0.06953387,0.16074908,0.00470746,-0.05183891,-0.28682481,0.00866001,0.01345822,0.16107621,-0.01580914,0.01696058
0.00039942,0.00047912,0.51464288,-0.02725092,0.10563642,0.20588242,0.97247661,0.00000000,0.00000000,0.35824653,-0.88911645,-0.21604366,-1.07427105,-0.38950070,0.96495228,0.34278284,0.56192882,-0.13692323,0.01167875,0.09225755,0.16263140,0.04040939,-0.06743777,-0.33882696,0.01331185,0.01883306,0.16306611,0.01376436,0.02011650
0.00052251,0.00062343,0.51848078,-0.03167389,0.12336811,0.19773424,0.97194560,0.00000000,0.00000000,0.23219232,-0.85554975,-0.11995562,-1.07378808,-0.46288516,1.00408443,0.41960817,0.56679428,-0.13991867,0.01191195,0.11632151,0.16479970,0.07874644,-0.08406343,-0.39442158,0.01988439,0.02438153,0.16519772,0.04558522,0.02255430
0.00065739,0.00078350,0.52133482,-0.03644213,0.14178602,0.18911774,0.97098052,0.00000000,0.00000000,0.09350999,-0.83358042,-0.01192410,-1.07381993,-0.53426967,1.05169364,0.49295109,0.57095244,-0.15757419,0.01383184,0.14078454,0.19313869,0.10734097,-0.10133723,-0.45214177,0.02841511,0.02976646,0.16745268,0.07874916,0.02405820
0.00080077,0.00095471,0.52301181,-0.04143545,0.16039342,0.18026210,0.96956827,0.00000000,0.00000000,-0.05130265,-0.82586100,0.10208373,-1.07433742,-0.60092890,1.10603483,0.55979526,0.57457705,-0.18167797,0.01710974,0.16498657,0.23304647,0.13149787,-0.11881331,-0.51037731,0.03873353,0.03465372,0.16977020,0.11229644,0.02451485
0.00094759,0.00112975,0.52348367,-0.04650753,0.17868601,0.17141638,0.96774211,0.00000000,0.00000000,-0.19421635,-0.83288857,0.21453229,-1.07527393,-0.66115538,1.16439475,0.61827388,0.57780003,-0.20335589,0.02044843,0.18838122,0.26863755,0.15702965,-0.13601051,-0.58319273,0.05109519,0.03795649,0.19994274,0.13307053,0.02388888
0.00109525,0.00130360,0.52285644,-0.05149950,0.19617492,0.16284353,0.96558023,0.00000000,0.00000000,-0.32753889,-0.85285364,0.31825939,-1.07653497,-0.71414269,1.22336020,0.66760834,0.58074225,-0.22301114,0.02373138,0.21034197,0.30063949,0.18249196,-0.15249589,-0.65945363,0.06464032,0.03948983,0.24079789,0.14762648,0.02232411
0.00123242,0.00146985,0.52133908,-0.05623958,0.21240281,0.15480742,0.96320134,0.00000000,0.00000000,-0.44558500,-0.88218004,0.40819534,-1.07802670,-0.75967189,1.27921228,0.70784259,0.58355785,-0.24062867,0.02678591,0.23032534,0.32898678,0.20685271,-0.16783147,-0.72839227,0.07823463,0.03968015,0.27562840,0.16238419,0.02006361
0.00135865,0.00162312,0.51919993,-0.06055698,0.22694369,0.14755885,0.96075793,0.00000000,0.00000000,-0.54524388,-0.91641671,0.48195859,-1.07966249,-0.79778285,1.32859489,0.73955028,0.58639450,-0.25610513,0.02948227,0.24786950,0.35357395,0.22913655,-0.18161416,-0.78940457,0.09111758,0.03871967,0.30564082,0.17599558,0.01738963
0.00146664,0.00175733,0.51675149,-0.06429837,0.23942226,0.14131956,0.95842135,0.00000000,0.00000000,-0.62551176,-0.95106290,0.53936908,-1.08137633,-0.82858325,1.36927319,0.76359952,0.58938744,-0.26925683,0.03171788,0.26262091,0.37413635,0.24855176,-0.19346174,-0.84139625,0.10257981,0.03698368,0.33084606,0.18777568,0.01462190
0.00155413,0.00186757,0.51419407,-0.06734049,0.24951448,0.13627190,0.95636695,0.00000000,0.00000000,-0.68661719,-0.98211597,0.58152859,-1.08311000,-0.85214085,1.40033710,0.78095159,0.59257831,-0.27987749,0.03345788,0.27432124,0.39045248,0.26439701,-0.20304724,-0.88326523,0.11205145,0.03493852,0.35099006,0.19727341,0.01207320
0.00161604,0.00194947,0.51129353,-0.06958874,0.25696083,0.13255674,0.95475507,0.00000000,0.00000000,-0.72927611,-1.00637622,0.60999092,-1.08481976,-0.86848221,1.42177453,0.79252125,0.59590946,-0.28772599,0.03468206,0.28279997,0.40221723,0.27616910,-0.21009362,-0.91391793,0.11910182,0.03307844,0.36548870,0.20432365,0.01002927
0.00165879,0.00200031,0.50723456,-0.07098579,0.26112062,0.13025714,0.95383967,0.00000000,0.00000000,-0.75326840,-1.02091162,0.62580829,-1.08597032,-0.87731270,1.43452371,0.79911757,0.59816142,-0.29155069,0.03558090,0.28799301,0.40932050,0.28326317,-0.21449524,-0.93181610,0.12366681,0.03175288,0.37449022,0.20842422,0.00865643
0.00166748,0.00201720,0.50164260,-0.07144805,0.26300553,0.12949949,0.95339035,0.00000000,0.00000000,-0.76208112,-1.02651198,0.63126538,-1.08701305,-0.88041494,1.43795007,0.80116781,0.60029854,-0.29403759,0.03570589,0.28968441,0.41171305,0.28583065,-0.21587602,-0.93874897,0.12497980,0.03133504,0.37711870,0.21011948,0.00824033
0.04095108,0.01565303,0.49714693,-0.06402400,0.25013062,0.13596286,0.95647776,0.00000000,0.00000000,-0.54005871,-1.05610013,0.52532300,-1.08838348,-0.94130651,1.45462529,0.81387653,0.60725473,-0.51467438,0.13305497,0.23100583,0.91717424,0.29961308,-0.19059886,-0.77649646,0.15947921,-0.01261991,0.16353505,0.19676715,0.01654486
0.07854979,0.02600449,0.48743758,-0.06833015,0.23147096,0.13657757,0.96078028,0.00000000,0.00000000,-0.32491131,-1.05485075,0.42230367,-1.08888800,-1.07611876,1.49858420,0.89006106,0.62857108,-0.83768666,0.27575881,0.14523693,1.41129959,0.25765003,-0.05523444,-0.67463835,0.20091674,-0.08753797,0.16261852,0.10327725,-0.04140206
0.11749575,0.03289218,0.47641506,-0.07582428,0.22843232,0.14477088,0.95974515,0.00000000,0.00000000,-0.07466904,-1.03265652,0.26847492,-1.08367593,-1.26779931,1.55019289,0.97635732,0.67367522,-1.27463821,0.31425275,-0.02873580,1.76138454,0.28417903,0.05602738,-0.55201692,0.22870622,-0.12703372,0.16922990,-0.05227798,-0.10368383
0.16108116,0.04059655,0.46764841,-0.08300101,0.24080481,0.16977407,0.95199824,0.00000000,0.00000000,0.15493260,-0.99974414,0.12420967,-1.07233064,-1.46878812,1.58975364,1.07450946,0.73987483,-1.64965826,0.18683650,-0.15457292,1.87010940,0.34499997,0.04643920,-0.42232709,0.21950310,-0.10309198,0.17247185,-0.20185286,-0.11341551
0.20509971,0.04778030,0.46310861,-0.08238620,0.25010108,0.20366131,0.94296555,0.00000000,0.00000000,0.36568179,-0.97639282,-0.05297367,-1.06088334,-1.68729084,1.59587514,1.13110740,0.79563260,-1.79632376,0.08020398,-0.14535905,1.62624230,0.34499997,0.01732283,-0.30957174,0.18665497,-0.05400812,0.16425686,-0.25847267,-0.04874883
0.24976259,0.05752621,0.46327843,-0.09584826,0.24563723,0.22537224,0.93791408,0.00000000,0.00000000,0.54107167,-0.97412323,-0.23374449,-1.05230470,-1.79132898,1.58662828,1.18840865,0.83372284,-1.66945525,0.02120164,-0.17140831,1.09982429,0.34499997,-0.07731781,-0.17517418,0.17050151,-0.13135269,0.15775206,-0.18951502,0.02930924
0.29960800,0.07205077,0.46383776,-0.10977857,0.22666860,0.23494284,0.93881408,0.00000000,0.00000000,0.64873272,-0.97214009,-0.35840237,-1.04509385,-1.72490838,1.54185720,1.20342860,0.84990222,-1.47663407,0.03348696,-0.22728142,0.67945488,0.34499997,-0.17205583,-0.03608116,0.18468592,-0.15399504,0.15469974,-0.03964230,0.08235252
0.34944880,0.08965875,0.46438878,-0.12204552,0.20302631,0.24242892,0.94080467,0.00000000,0.00000000,0.65777834,-0.95203030,-0.41856849,-1.03908928,-1.46340142,1.45384304,1.15029705,0.82543212,-1.34508581,0.05151903,-0.26058190,0.57095577,0.34499997,-0.23542982,0.08117176,0.20548782,-0.15171650,0.15976273,0.11653822,0.10129133
0.40066990,0.10150600,0.46859345,-0.12509478,0.19630953,0.26233060,0.93648092,0.00000000,0.00000000,0.55541077,-0.88207783,-0.37792833,-1.03597672,-1.13005706,1.35403394,1.04733997,0.77435878,-1.18407858,0.04579555,-0.21810521,0.50664650,0.34499997,-0.20189697,-0.07361438,0.16473384,-0.22041559,0.53596744,0.09929278,0.05612618
0.44721690,0.10799022,0.47030908,-0.11865949,0.19054987,0.27579019,0.93463921,0.00000000,0.00000000,0.41283191,-0.84158440,-0.27611467,-1.03466864,-0.96493191,1.27053224,0.97601796,0.71508085,-1.03942351,0.03124806,-0.14828789,0.39770336,0.34499997,-0.12218894,-0.23078703,0.06621015,-0.33039030,0.87234911,0.04288941,0.00260490
0.48766375,0.11184057,0.46720447,-0.10955541,0.19270684,0.27393536,0.93585314,0.00000000,0.00000000,0.21627022,-0.82326957,-0.09268876,-1.03543752,-0.94719884,1.15019198,0.93470403,0.65903589,-1.07133551,0.00920458,-0.07832291,0.59906664,0.14750141,-0.03052208,-0.40950543,-0.03426291,-0.35485839,1.20261930,0.02179819,-0.03583497
0.52184388,0.11340395,0.46089662,-0.10204527,0.19097592,0.26010483,0.94098907,0.00000000,0.00000000,-0.08009568,-0.85141193,0.15751509,-1.03995316,-1.05365365,0.77806129,0.81115826,0.62284860,-1.06618576,0.02375097,-0.00831160,0.76394587,-0.06540102,0.04492693,-0.58458330,-0.09017698,-0.34034749,1.45737488,0.01149992,-0.06968516
0.55193204,0.11217908,0.45512395,-0.09914241,0.19131911,0.23765871,0.94714630,0.00000000,0.00000000,-0.42075548,-0.94763332,0.44594946,-1.04327711,-1.44027066,0.25214257,0.73966289,0.61838820,-1.01121085,0.07453438,0.09231235,0.85432736,-0.30076662,0.09506339,-0.77615706,-0.12472372,-0.33844507,1.63865944,-0.01958486,-0.10369032
0.58100928,0.10781973,0.45462225,-0.09343680,0.19908240,0.21454604,0.95163321,0.00000000,0.00000000,-0.59791589,-1.01912470,0.61857872,-1.04540185,-1.82228588,0.11424679,0.95069847,0.62390861,-0.95995453,0.12480783,0.15451604,0.89051720,-0.39761751,0.09380093,-0.95411076,-0.12356588,-0.29549759,1.71730939,-0.03555029,-0.12863763
0.61060935,0.10159880,0.46034853,-0.08698971,0.20551975,0.18581038,0.95690591,0.00000000,0.00000000,-0.70655745,-1.05529909,0.71985590,-1.04647104,-1.84996157,0.06992733,0.94294956,0.62895423,-0.84444195,0.16991433,0.23190158,0.83360625,-0.44732845,0.06821123,-1.14447164,-0.09122157,-0.24001803,1.74056834,-0.03391808,-0.13421295
0.64270938,0.09479736,0.47101999,-0.08144637,0.20526215,0.14718861,0.96414182,0.00000000,0.00000000,-0.80544803,-1.05308826,0.84013631,-1.04567676,0.21350089,-0.08662377,-1.12681563,0.63102524,-0.63488708,0.18013046,0.37363310,0.65572432,-0.43318063,0.01339399,-1.31815800,-0.01489195,-0.16966730,1.67469421,-0.04074847,-0.17546799
0.67845604,0.08802800,0.48341196,-0.07960558,0.20320022,0.09917180,0.97084374,0.00000000,0.00000000,-0.85816687,-1.02416819,0.89413116,-1.04283615,0.09006075,-0.05711611,-1.01498109,0.62220290,-0.41162653,0.14089053,0.48832454,0.42413417,-0.31266196,-0.08299353,-1.41284281,0.08953821,-0.13656699,1.51786189,-0.03378113,-0.20027660
0.71777695,0.08157783,0.49309498,-0.07359613,0.19992558,0.06806483,0.97466946,0.00000000,0.00000000,-0.90642802,-0.99648497,0.94354760,-1.03990644,0.00017304,-0.01220461,-0.90002168,0.61407029,-0.20722638,0.06760993,0.56835129,0.17745429,-0.15321102,-0.16081251,-1.41603222,0.18697080,-0.09087018,1.29849110,0.01233561,-0.16666013
0.75875120,0.07605784,0.49798149,-0.06636260,0.19471793,0.03971867,0.97780538,0.00000000,0.00000000,-0.94811716,-0.96498347,0.98288421,-1.03697673,0.01505352,0.01927847,-0.89836207,0.60567161,-0.11614121,0.04701780,0.62415609,0.17388052,-0.09442978,-0.21956287,-1.34218228,0.26564070,-0.03527899,0.99375623,0.08338910,-0.11651911
0.80184954,0.07106020,0.49532002,-0.05094638,0.19125759,0.01387402,0.98011862,0.00000000,0.00000000,-0.93766845,-0.92293285,0.96423978,-1.03494314,0.55352416,0.07180782,-1.38859931,0.60043124,-0.01734497,-0.00627285,0.64380302,0.17178895,0.02247185,-0.27690689,-1.17955390,0.31530336,0.05423776,0.56509822,0.23185418,-0.05514307
0.84914289,0.06737018,0.48086454,-0.01859124,0.17964847,-0.00254941,0.98355188,0.00000000,0.00000000,-0.86564893,-0.86832581,0.88806669,-1.03277115,1.16970640,0.14021384,-1.94248688,0.60558230,0.12452683,-0.09743437,0.61605777,0.17244495,0.14209356,-0.33020827,-1.00532194,0.31970613,0.09308307,0.20595447,0.34499997,-0.01239100
0.89954840,0.06343803,0.46069974,0.01759396,0.15636886,-0.01202026,0.98746886,0.00000000,0.00000000,-0.75170725,-0.83226573,0.83253811,-1.03073016,1.21999998,0.19706560,-1.95260735,0.61615175,0.31724361,-0.19672156,0.57903626,0.16915017,0.24756995,-0.34499997,-0.96407502,0.30686937,0.05075348,0.15493201,0.31524950,0.00752730
0.95148126,0.05753090,0.44414630,0.04335595,0.13335263,-0.02064278,0.98990465,0.00000000,0.00000000,-0.61743619,-0.76462278,0.72494287,-1.02794702,1.21999998,0.24766184,-1.93977237,0.62883332,0.51702313,-0.24548833,0.50778566,0.17866888,0.34499997,-0.34499997,-0.93360018,0.28862719,-0.04069190,0.15081373,0.26070849,0.00783054
1.00351772,0.04867926,0.43437813,0.05719056,0.10306157,-0.03383290,0.99245296,0.00000000,0.00000000,-0.40216193,-0.67571958,0.53387365,-1.02548906,1.21999998,0.28739946,-1.92170629,0.64275200,0.61961672,-0.21903781,0.45141220,0.41590650,0.34499997,-0.34499997,-0.88222577,0.27229021,-0.13451622,0.15355192,0.24557908,0.00590113
1.05052118,0.03665122,0.43167122,0.05739979,0.07672410,-0.05254180,0.99401108,0.00000000,0.00000000,-0.03736767,-0.60179019,0.18988598,-1.02067879,1.21999998,0.30321664,-1.88951282,0.65468477,0.63543204,-0.14176131,0.42032066,0.79345373,0.34499997,-0.34499997,-0.81584468,0.26382221,-0.17430588,0.15972122,0.28961646,-0.00527564
1.08875575,0.02036201,0.43419685,0.04957884,0.05536368,-0.06384824,0.99518853,0.00000000,0.00000000,0.33796257,-0.61369665,-0.19467654,-1.00958565,1.21999998,0.32817292,-1.83832092,0.66407174,0.66319576,-0.08113322,0.34888702,1.07560130,0.34499997,-0.34499997,-0.73244081,0.25599198,-0.22387333,0.17027631,0.25137007,-0.03873453
1.12138075,0.00201720,0.44006361,0.04075690,0.03904849,-0.07511739,0.99557595,0.00000000,0.00000000,0.62819287,-0.68749224,-0.52752264,-1.00117723,1.21999998,0.31917276,-1.81536984,0.67318880,0.68666632,-0.01220419,0.28953574,1.27999299,0.34499997,-0.34499997,-0.64621824,0.26923493,-0.26255135,0.18071447,0.18963744,-0.08737100
1.15006472,-0.01755007,0.44675084,0.02857134,0.03075957,-0.08793102,0.99524151,0.00000000,0.00000000,0.87683422,-0.78100667,-0.82256191,-0.99835444,1.21999998,0.29836545,-1.77668776,0.67841812,0.67731137,0.06752399,0.20556429,1.49157426,0.34499997,-0.34499997,-0.56878802,0.28481833,-0.29476000,0.19376377,0.13177200,-0.14120983
1.17895314,-0.03977444,0.45288585,0.01857037,0.02190043,-0.08554601,0.99592037,0.00000000,0.00000000,1.02514572,-0.89123784,-1.03835519,-0.99807762,1.21999998,0.23268358,-1.74262993,0.68134226,0.61453521,0.14302113,0.07321485,1.64174483,0.34499997,-0.34499997,-0.48068963,0.29438001,-0.30354950,0.19940223,0.06674229,-0.15651140
1.20507311,-0.06335639,0.45793975,0.00948970,0.01301345,-0.08520575,0.99623319,0.00000000,0.00000000,1.11043565,-1.00309008,-1.21859674,-1.00051181,1.21999998,0.13584877,-1.71663255,0.68060797,0.45381393,0.21383847,-0.09972684,1.78247300,0.34499997,-0.34499997,-0.39667728,0.31313176,-0.28553005,0.19963299,0.00827857,-0.16289528
1.22585000,-0.08813565,0.46220997,0.01372612,0.02252854,-0.07461540,0.99686338,0.00000000,0.00000000,1.12687061,-1.08664122,-1.27328523,-1.00837260,-0.16414478,-0.28703779,-0.24156924,0.64589213,0.17354865,0.22919910,-0.30034385,1.90138637,0.34499997,-0.34499997,-0.34454121,0.30456004,-0.26505591,0.19691511,-0.03215913,-0.14935268
1.24091361,-0.11493780,0.46576657,0.01636866,0.03489599,-0.06020589,0.99744152,0.00000000,0.00000000,1.10788352,-1.14214564,-1.26327053,-1.01525167,0.58116741,-0.36050107,-0.90856029,0.62590858,-0.23821866,0.22273857,-0.52397957,1.89155304,0.34499997,-0.34499997,-0.39699144,0.28790283,-0.29862718,0.31004261,-0.07463118,-0.12290143
1.25143117,-0.14210669,0.46661169,0.02028912,0.04752395,-0.04191825,0.99778389,0.00000000,0.00000000,1.10461824,-1.18063722,-1.16596529,-1.01734143,1.15309828,-0.62411133,-1.33125128,0.60352543,-0.64849506,0.24683031,-0.71640917,1.58054800,0.25108382,-0.34499997,-0.52884939,0.23021435,-0.40973507,0.47993128,-0.08760145,-0.10441650
1.26493720,-0.16481649,0.46605422,0.02962261,0.04943239,-0.01270489,0.99825724,0.00000000,0.00000000,1.08796176,-1.23057483,-0.99603343,-1.01165101,1.21999998,-0.99808870,-1.35176571,0.60709386,-0.87339243,0.25464760,-0.74432610,0.91721224,0.28192979,-0.34499997,-0.68074326,0.10333601,-0.46376447,0.70702956,-0.02774446,-0.02737085
1.27518131,-0.16367283,0.46066834,0.03694332,0.05342088,0.00735032,0.99786140,0.00000000,0.00000000,1.10536060,-1.26180533,-0.86374861,-1.00833444,1.21999998,-1.21724062,-1.36079691,0.61756722,-0.89383582,0.25377222,-0.66881017,0.40846975,0.34499997,-0.34499997,-0.77313688,0.00538745,-0.45114272,0.87247114,-0.08620979,0.00218787
1.29326574,-0.15059988,0.45509432,0.02387302,0.03780983,0.02102280,0.99877852,0.00000000,0.00000000,1.15750061,-1.31735584,-0.79228410,-1.00149064,1.21999998,-1.33991824,-1.42305028,0.64589539,-1.03623912,0.14162148,-0.62446174,0.26965239,0.34499997,-0.34499997,-0.75448798,-0.05604719,-0.47675597,1.00099485,-0.19098672,0.01896575
1.31082147,-0.14799599,0.45668941,0.00506822,0.02565399,0.03498407,0.99904569,0.00000000,0.00000000,1.20764595,-1.38159740,-0.73595991,-0.98513111,1.21999998,-1.38896827,-1.46984491,0.69946628,-1.19399842,-0.01119543,-0.57263769,0.30232614,0.34499997,-0.31945180,-0.66000446,-0.03529409,-0.49270037,0.97860931,-0.26640938,0.03836097
1.32864579,-0.16994968,0.46288915,-0.00706152,0.02144063,0.04480716,0.99874058,0.00000000,0.00000000,1.21999998,-1.41288662,-0.66272019,-0.96679332,1.21999998,-1.43801133,-1.53471479,0.73902141,-1.35302566,-0.17893417,-0.56592685,0.42531559,0.34499997,-0.31718287,-0.52680006,0.05595156,-0.46494589,0.83758373,-0.30461383,0.06547092
1.34546339,-0.19089690,0.47122879,-0.01598859,0.00658702,0.04667948,0.99876023,0.00000000,0.00000000,1.21999998,-1.43465384,-0.60752550,-0.94577373,1.21999998,-1.49177435,-1.58942702,0.77975206,-1.43024227,-0.29834911,-0.56739806,0.48501810,0.34499997,-0.32706627,-0.35897717,0.11950101,-0.47521820,0.67113849,-0.29759674,0.06054932
1.36490701,-0.21288085,0.48037309,-0.03141127,-0.01087362,0.04746991,0.99831944,0.00000000,0.00000000,1.21999998,-1.44499666,-0.52942065,-0.90619388,1.21999998,-1.56295229,-1.70091795,0.83741882,-1.48850213,-0.39999997,-0.55607965,0.47373968,0.34499997,-0.34499997,-0.12280014,0.23827402,-0.43958529,0.36409640,-0.20120899,0.05892215
1.38438997,-0.23606672,0.49011251,-0.04793381,-0.03117300,0.03167435,0.99786138,0.00000000,0.00000000,1.21999998,-1.47997585,-0.50585541,-0.83106491,1.21999998,-1.56999993,-1.78786083,0.95373618,-1.44180602,-0.39999997,-0.56115800,0.28997204,0.34499997,-0.34499997,0.03403756,0.29863090,-0.40893768,0.16731456,-0.07271501,0.07336650
1.40083805,-0.26014447,0.49911533,-0.05032245,-0.03677490,-0.01329520,0.99796718,0.00000000,0.00000000,1.21999998,-1.53078308,-0.48512016,-0.79294116,1.21999998,-1.56999993,-1.86122044,1.05299344,-1.47400735,-0.39999997,-0.55454041,0.28186961,0.34499997,-0.34499997,0.05697252,0.29429930,-0.35441741,0.15588232,-0.03627497,0.08665754
1.41439733,-0.28011215,0.50821820,-0.05313417,-0.05051372,-0.05630403,0.99571832,0.00000000,0.00000000,1.21999998,-1.51253671,-0.51104096,-0.74882357,1.21999998,-1.56999993,-1.84720820,1.19014298,-1.41484296,-0.39999997,-0.59564614,0.31721914,0.34499997,-0.34499997,0.08797056,0.28629620,-0.32589472,0.14661106,0.02651733,0.11043862
1.42679378,-0.29752255,0.51927296,-0.05580459,-0.04702987,-0.09994922,0.99231255,0.00000000,0.00000000,1.21999998,-1.47655598,-0.60121723,-0.72837815,1.21999998,-1.56999993,-1.80570037,1.25248911,-1.33195395,-0.39999997,-0.61951120,0.39831253,0.34499997,-0.34499997,0.10387577,0.27156564,-0.27369200,0.14218602,0.11711658,0.16525174
1.42677807,-0.30495757,0.52794087,-0.02523142,0.00419446,-0.22884802,0.97312608,0.00000000,0.00000000,1.05318586,-1.23551701,-1.00128679,-0.74136565,1.21999998,-1.24885115,-1.49622302,1.23566693,-0.82413304,-0.39999997,-0.83968078,0.55824496,0.34499997,-0.34499997,0.11349366,0.20992332,-0.23749779,0.13024978,0.26707013,0.27154735
1.42695030,-0.30481713,0.53246555,-0.02445427,0.00425352,-0.22826842,0.97328178,0.00000000,0.00000000,1.05429640,-1.24166615,-1.00090329,-0.74759445,1.21999998,-1.23982657,-1.48937497,1.24042522,-0.82683902,-0.39999997,-0.83327289,0.56195169,0.34499997,-0.34499997,0.11264946,0.20684113,-0.23475420,0.12937300,0.26662920,0.27078663
1.42726815,-0.30441987,0.53462120,-0.02355204,0.00407594,-0.22169397,0.97482330,0.00000000,0.00000000,1.05116852,-1.23910575,-0.99388403,-0.75310474,1.21999998,-1.21269184,-1.47409828,1.24597188,-0.82686392,-0.39999997,-0.82619326,0.56372058,0.34499997,-0.34499997,0.10954715,0.20110406,-0.23627627,0.13098965,0.26130919,0.26870436
1.42777048,-0.30376410,0.53516953,-0.02224189,0.00369154,-0.21071086,0.97728839,0.00000000,0.00000000,1.04488440,-1.23261993,-0.98179052,-0.75944672,1.21999998,-1.16169244,-1.44624579,1.25706920,-0.82614692,-0.39999997,-0.81520758,0.56661681,0.34499997,-0.34499997,0.10555808,0.19225868,-0.23878782,0.13240517,0.25297942,0.26518674
1.42838965,-0.30282859,0.53493859,-0.02035451,0.00299654,-0.19539637,0.98050853,0.00000000,0.00000000,1.03482277,-1.22165211,-0.96389080,-0.76538151,1.21999998,-1.07599147,-1.39991707,1.27856067,-0.82396673,-0.39999997,-0.80062433,0.56978452,0.34499997,-0.34499997,0.10051156,0.17981600,-0.24238511,0.13458439,0.24133072,0.26044341
1.42904239,-0.30160036,0.53425235,-0.01787951,0.00173073,-0.17584387,0.98425416,0.00000000,0.00000000,1.02119225,-1.20621930,-0.93977782,-0.77055414,1.21999998,-0.94035233,-1.32658148,1.31876914,-0.81907644,-0.39999997,-0.78297565,0.57255533,0.34499997,-0.34499997,0.09541684,0.16384168,-0.24704568,0.13732566,0.22653883,0.25464942
1.42924773,-0.30003731,0.53372074,-0.01496800,0.00055977,-0.15404361,0.98795051,0.00000000,0.00000000,1.00342731,-1.18920635,-0.91221550,-0.77434857,1.21999998,-0.76968804,-1.23449180,1.37361496,-0.81540100,-0.39999997,-0.75933207,0.58004185,0.34499997,-0.34499997,0.08870116,0.14533910,-0.24952576,0.13883015,0.21159691,0.24705961
1.42915934,-0.29830704,0.53264322,-0.01472261,-0.00079830,-0.13172881,0.99117613,0.00000000,0.00000000,0.98644247,-1.17160881,-0.88849239,-0.77779591,1.21999998,-0.55475936,-1.11984374,1.45477958,-0.81610454,-0.39999997,-0.73163860,0.60305472,0.34499997,-0.34499997,0.08239270,0.13199395,-0.24672973,0.13942211,0.19602199,0.23625824
1.42862376,-0.29630777,0.53117572,-0.01499617,-0.00447158,-0.10635163,0.99420544,0.00000000,0.00000000,0.97286213,-1.15235713,-0.86218794,-0.78354899,1.21999998,-0.18018547,-0.91774556,1.67432612,-0.80948091,-0.39999997,-0.70485349,0.62660872,0.34499997,-0.34499997,0.07900877,0.11796872,-0.24411561,0.14275169,0.17710125,0.22453862
1.42760393,-0.29415221,0.52795324,-0.01396361,-0.00359743,-0.08138458,0.99657846,0.00000000,0.00000000,0.94666030,-1.13457973,-0.83329511,-0.78595096,1.13262130,0.13006726,-0.68308916,1.78663062,-0.81043180,-0.39306330,-0.67346976,0.64420621,0.34499997,-0.34499997,0.05833818,0.10000508,-0.23601833,0.15573870,0.15515900,0.21168236
1.42601652,-0.29269187,0.52581912,-0.01798382,0.00057878,-0.05658196,0.99823581,0.00000000,0.00000000,0.91832239,-1.11360654,-0.81130613,-0.79018421,-0.04469930,0.50547196,0.46617360,1.75325706,-0.77129719,-0.32360556,-0.65151116,0.58239897,0.34499997,-0.34499997,0.03559959,0.09780010,-0.22375397,0.15624458,0.13948918,0.19334970
1.42496832,-0.29141932,0.52340777,-0.01607971,0.00401556,-0.02920741,0.99943596,0.00000000,0.00000000,0.88194367,-1.09648006,-0.77296592,-0.79332393,0.07479361,0.53148349,0.34283775,1.70272873,-0.72358803,-0.26432257,-0.59969361,0.51194092,0.34499997,-0.30730176,0.01556574,0.08100582,-0.21227492,0.15754024,0.12030638,0.17789808
1.42380387,-0.29040032,0.52075213,-0.01411015,0.00778959,-0.00122430,0.99986935,0.00000000,0.00000000,0.84268622,-1.07994398,-0.73169712,-0.79536748,0.18903408,0.56499582,0.22146406,1.65383462,-0.66483333,-0.20627535,-0.54681727,0.43134905,0.34499997,-0.27061138,-0.00446411,0.06466946,-0.19925279,0.15842518,0.10044238,0.16190576
1.42262340,-0.28967315,0.51796680,-0.01222439,0.01177967,0.02684469,0.99949546,0.00000000,0.00000000,0.80140482,-1.06454651,-0.68837426,-0.79635281,0.28834731,0.60606195,0.11114610,1.60387372,-0.59423639,-0.15082601,-0.49307712,0.33982751,0.34499997,-0.23593876,-0.02383769,0.04943244,-0.18469214,0.15876866,0.08012170,0.14552729
1.42153388,-0.28922850,0.51507529,-0.01047629,0.01584526,0.05450799,0.99833264,0.00000000,0.00000000,0.75899086,-1.05075640,-0.64382107,-0.79634808,0.36959289,0.65244474,0.01484960,1.55212794,-0.51190606,-0.09988394,-0.43821661,0.23766899,0.34499997,-0.20341088,-0.04173615,0.03564651,-0.16870555,0.15817774,0.05968900,0.12901601
1.42080760,-0.28905390,0.51198100,-0.00934616,0.01945605,0.08081737,0.99649519,0.00000000,0.00000000,0.71798349,-1.03895361,-0.60054277,-0.79548948,0.43228634,0.70165168,-0.06567822,1.49863325,-0.43498576,-0.06109601,-0.38076653,0.15954343,0.32604600,-0.17291387,-0.05696387,0.02483548,-0.15064235,0.15725380,0.03874889,0.11228700
1.42051771,-0.28903209,0.50868710,-0.00901628,0.02233494,0.10524368,0.99415473,0.00000000,0.00000000,0.68000150,-1.02905555,-0.56012143,-0.79394970,0.47819381,0.75097793,-0.13134626,1.44362815,-0.39362913,-0.04241989,-0.32139727,0.15902128,0.26167612,-0.14417402,-0.06943086,0.01754830,-0.13064039,0.15684773,0.01720559,0.09553505
1.42031536,-0.28904385,0.50550117,-0.00888240,0.02505235,0.12827255,0.99138269,0.00000000,0.00000000,0.64344542,-1.02071694,-0.52108184,-0.79184593,0.51028621,0.79780822,-0.18650449,1.38730840,-0.35193088,-0.02727096,-0.26538955,0.15856761,0.19956913,-0.11790319,-0.08056517,0.01184109,-0.11065985,0.15645248,-0.00363881,0.07955471
1.42018300,-0.28907211,0.50248247,-0.00893764,0.02757332,0.14962910,0.98831724,0.00000000,0.00000000,0.60890782,-1.01382295,-0.48410522,-0.78929243,0.53007016,0.84028278,-0.23224876,1.32985432,-0.31104240,-0.01554209,-0.21346743,0.15812203,0.14086078,-0.09415978,-0.09034517,0.00763211,-0.09121241,0.15607331,-0.02340940,0.06456255
1.42010063,-0.28910672,0.49968846,-0.00916023,0.02986856,0.16906938,0.98510888,0.00000000,0.00000000,0.57690075,-1.00821423,-0.44979795,-0.78639946,0.53870116,0.87688508,-0.26922557,1.27140290,-0.27212997,-0.00694565,-0.16629672,0.15767053,0.08659996,-0.07299631,-0.09882482,0.00476421,-0.07279895,0.15575714,-0.04175545,0.05076270
1.42005028,-0.28914213,0.49718099,-0.00951524,0.03191164,0.18637758,0.98191369,0.00000000,0.00000000,0.54787428,-1.00370726,-0.41870501,-0.78327157,0.53695103,0.90645029,-0.29762047,1.21205751,-0.23626862,-0.00104651,-0.12445432,0.15720236,0.03772979,-0.05446417,-0.10602936,0.00303023,-0.05588491,0.15547960,-0.05833572,0.03834830
1.42001760,-0.28917680,0.49503191,-0.00995521,0.03367770,0.20136202,0.97888714,0.00000000,0.00000000,0.52221414,-1.00012271,-0.39130128,-0.78000653,0.52520273,0.92817163,-0.31718165,1.15189182,-0.20440781,0.00267559,-0.08841215,0.15673887,-0.00494172,-0.03861884,-0.11200289,0.00218276,-0.04088189,0.15523395,-0.07285563,0.02749966
1.41999319,-0.28920955,0.49330823,-0.01042653,0.03514322,0.21385602,0.97617716,0.00000000,0.00000000,0.50025528,-0.99729744,-0.36799716,-0.77669403,0.50345234,0.94162904,-0.32724943,1.09095732,-0.17734734,0.00478052,-0.05853018,0.15632853,-0.04074688,-0.02552737,-0.11681875,0.00196465,-0.02813744,0.15504739,-0.08506440,0.01837722
1.41997150,-0.28923976,0.49202976,-0.01087052,0.03628591,0.22371779,0.97391761,0.00000000,0.00000000,0.48228858,-0.99509207,-0.34914652,-0.77341665,0.47130245,0.94682908,-0.32678887,1.02928908,-0.15567208,0.00580038,-0.03506232,0.15596095,-0.06913023,-0.01525699,-0.12049209,0.00212370,-0.01792851,0.15489966,-0.09475893,0.01112074
1.41995046,-0.28926548,0.49115772,-0.01123141,0.03708698,0.23083243,0.97222158,0.00000000,0.00000000,0.46855493,-0.99339816,-0.33503250,-0.77024911,0.42795653,0.94426664,-0.31442129,0.96690787,-0.13983060,0.00618622,-0.01817405,0.15567539,-0.08969298,-0.00786665,-0.12305351,0.00242986,-0.01046324,0.15479137,-0.10177873,0.00585038
1.41992947,-0.28928458,0.49064631,-0.01146355,0.03753130,0.23511520,0.97117498,0.00000000,0.00000000,0.45925454,-0.99213206,-0.32588011,-0.76725931,0.37223387,0.93501815,-0.28846589,0.90382840,-0.13012620,0.00628870,-0.00796459,0.15549355,-0.10214287,-0.00341082,-0.12450678,0.00270648,-0.00588524,0.15471814,-0.10601985,0.00265107
1.41990877,-0.28929598,0.49048314,-0.01153539,0.03760994,0.23651324,0.97083156,0.00000000,0.00000000,0.45453056,-0.99123880,-0.32183622,-0.76450732,0.30269926,0.92086434,-0.24706818,0.84010403,-0.12672530,0.00632101,-0.00448383,0.15543445,-0.10632071,-0.00192212,-0.12487999,0.00283551,-0.00427803,0.15469850,-0.10741451,0.00157686
1.41988842,-0.28930343,0.49049202,-0.01151977,0.03750371,0.23646103,0.97084857,0.00000000,0.00000000,0.45225399,-0.99055865,-0.32044791,-0.76201574,0.22504050,0.90664397,-0.19645241,0.77611832,-0.12650151,0.00635127,-0.00437586,0.15543988,-0.10633554,-0.00192288,-0.12470391,0.00286591,-0.00417025,0.15470099,-0.10737905,0.00157557
1.41986858,-0.28931122,0.49049555,-0.01150130,0.03739996,0.23641068,0.97086505,0.00000000,0.00000000,0.45021787,-0.98995459,-0.31919770,-0.75976905,0.14819786,0.89591794,-0.14568127,0.71382298,-0.12627938,0.00637562,-0.00427146,0.15543742,-0.10634430,-0.00192478,-0.12452392,0.00288864,-0.00406579,0.15469307,-0.10734055,0.00157494
1.41985145,-0.28931881,0.49049750,-0.01148235,0.03730786,0.23636673,0.97087952,0.00000000,0.00000000,0.44837933,-0.98941567,-0.31806505,-0.75774716,0.07977911,0.88908927,-0.10004193,0.65896506,-0.12608006,0.00639142,-0.00417958,0.15544070,-0.10635844,-0.00192574,-0.12436253,0.00290490,-0.00397412,0.15468919,-0.10730994,0.00157320
1.41983930,-0.28932447,0.49049861,-0.01146722,0.03724100,0.23633550,0.97088987,0.00000000,0.00000000,0.44668868,-0.98892965,-0.31702880,-0.75593256,0.03097530,0.88575826,-0.06729724,0.62007038,-0.12593322,0.00640082,-0.00411409,0.15543944,-0.10636658,-0.00192714,-0.12424478,0.00291418,-0.00390877,0.15468916,-0.10729042,0.00157169
1.41983278,-0.28932766,0.49049919,-0.01145861,0.03720413,0.23631901,0.97089540,0.00000000,0.00000000,0.44511952,-0.98848712,-0.31607771,-0.75430942,0.00518416,0.88451332,-0.04994075,0.59956798,-0.12585432,0.00640522,-0.00407947,0.15544072,-0.10637086,-0.00192781,-0.12418532,0.00291798,-0.00387411,0.15469738,-0.10728228,0.00157149
1.41983008,-0.28932917,0.49049941,-0.01145435,0.03718776,0.23631269,0.97089762,0.00000000,0.00000000,0.44367891,-0.98808691,-0.31521165,-0.75286208,-0.00541706,0.88410439,-0.04279656,0.59114674,-0.12582035,0.00640566,-0.00406608,0.15544154,-0.10637174,-0.00192761,-0.12415672,0.00291920,-0.00386086,0.15469644,-0.10727612,0.00157087
1.41982891,-0.28932976,0.49049954,-0.01145236,0.03718095,0.23631080,0.97089836,0.00000000,0.00000000,0.44237792,-0.98772883,-0.31443297,-0.75157468,-0.00921253,0.88397214,-0.04023691,0.58813058,-0.12580734,0.00640562,-0.00406195,0.15544494,-0.10637395,-0.00192787,-0.12413820,0.00291957,-0.00385674,0.15469012,-0.10727403,0.00157019
1.41982835,-0.28933015,0.49049944,-0.01145122,0.03717782,0.23631061,0.97089854,0.00000000,0.00000000,0.44121526,-0.98741043,-0.31373794,-0.75043192,-0.01049522,0.88392874,-0.03937118,0.58710965,-0.12579694,0.00640500,-0.00406138,0.15543581,-0.10636859,-0.00192793,-0.12413530,0.00291829,-0.00385617,0.15469387,-0.10727414,0.00157078
1.41982804,-0.28933042,0.49049958,-0.01145050,0.03717599,0.23631093,0.97089854,0.00000000,0.00000000,0.44018237,-0.98712838,-0.31312120,-0.74941925,-0.01091863,0.88391415,-0.03908485,0.58677097,-0.12579641,0.00640454,-0.00406206,0.15544169,-0.10637110,-0.00192807,-0.12413017,0.00291744,-0.00385665,0.15469270,-0.10727424,0.00157106
1.41982800,-0.28933049,0.49049959,-0.01145020,0.03717507,0.23631118,0.97089852,0.00000000,0.00000000,0.43960437,-0.98697078,-0.31277578,-0.74885299,-0.01102061,0.88391066,-0.03901539,0.58668854,-0.12578877,0.00640425,-0.00406245,0.15543170,-0.10636680,-0.00192794,-0.12412914,0.00291740,-0.00385718,0.15469420,-0.10727481,0.00157091
1.41982780,-0.28933055,0.49049947,-0.01144982,0.03717456,0.23631142,0.97089848,0.00000000,0.00000000,0.43913200,-0.98684239,-0.31249356,-0.74839100,-0.01106688,0.88390870,-0.03898413,0.58665064,-0.12579081,0.00640352,-0.00406289,0.15543571,-0.10636760,-0.00192776,-0.12412598,0.00291626,-0.00385762,0.15468860,-0.10727120,0.00157152
1.41982780,-0.28933055,0.49049949,-0.01144982,0.03717456,0.23631142,0.97089848,0.00000000,0.00000000,0.43913200,-0.98684239,-0.31249356,-0.74839100,-0.01106688,0.88390870,-0.03898413,0.58665064,-0.12579081,0.00640352,-0.00406289,0.15543571,-0.10636760,-0.00192776,-0.12412598,0.00291626,-0.00385762,0.15468860,-0.10727120,0.00157152
1.41982780,-0.28933055,0.49049950,-0.01144982,0.03717456,0.23631142,0.97089848,0.00000000,0.00000000,0.43913200,-0.98684239,-0.31249356,-0.74839100,-0.01106688,0.88390870,-0.03898413,0.58665064,-0.12579081,0.00640352,-0.00406289,0.15543571,-0.10636760,-0.00192776,-0.12412598,0.00291626,-0.00385762,0.15468860,-0.10727120,0.00157152
1.41982780,-0.28933055,0.49049950,-0.01144982,0.03717456,0.23631142,0.97089848,0.00000000,0.00000000,0.43913200,-0.98684239,-0.31249356,-0.74839100,-0.01106688,0.88390870,-0.03898413,0.58665064,-0.12579081,0.00640352,-0.00406289,0.15543571,-0.10636760,-0.00192776,-0.12412598,0.00291626,-0.00385762,0.15468860,-0.10727120,0.00157152
