0.00000000,0.00000000,0.49052116,0.00671791,0.03862349,-0.23328858,0.97161697,0.00000000,0.00000000,0.78377003,-1.07759997,-0.53496804,-1.08973873,-0.09498062,0.93286684,0.01641992,0.51931312,-0.12625392,0.00678915,-0.00354082,0.15548237,-0.10654414,-0.00198461,-0.12480402,0.00329955,-0.00333611,0.15468108,-0.10718051,0.00151533
0.00000000,0.00000000,0.49052116,0.00671791,0.03862349,-0.23328858,0.97161697,0.00000000,0.00000000,0.78377003,-1.07759997,-0.53496804,-1.08973873,-0.09498062,0.93286684,0.01641992,0.51931312,-0.12625392,0.00678915,-0.00354082,0.15548237,-0.10654414,-0.00198461,-0.12480402,0.00329955,-0.00333611,0.15468108,-0.10718051,0.00151533
0.00000000,0.00000000,0.49052116,0.00671791,0.03862349,-0.23328858,0.97161697,0.00000000,0.00000000,0.78377003,-1.07759997,-0.53496804,-1.08973873,-0.09498062,0.93286684,0.01641992,0.51931312,-0.12625392,0.00678915,-0.00354082,0.15548237,-0.10654414,-0.00198461,-0.12480402,0.00329955,-0.00333611,0.15468108,-0.10718051,0.00151533
0.00000000,0.00000000,0.49052116,0.00671791,0.03862349,-0.23328858,0.97161697,0.00000000,0.00000000,0.78377003,-1.07759997,-0.53496804,-1.08973873,-0.09498062,0.93286684,0.01641992,0.51931312,-0.12625392,0.00678915,-0.00354082,0.15548237,-0.10654414,-0.00198461,-0.12480402,0.00329955,-0.00333611,0.15468108,-0.10718051,0.00151533
0.00000000,0.00000000,0.49052116,0.00671791,0.03862349,-0.23328858,0.97161697,0.00000000,0.00000000,0.78377003,-1.07759997,-0.53496804,-1.08973873,-0.09498062,0.93286684,0.01641992,0.51931312,-0.12625392,0.00678915,-0.00354082,0.15548237,-0.10654414,-0.00198461,-0.12480402,0.00329955,-0.00333611,0.15468108,-0.10718051,0.00151533
0.00000000,0.00000000,0.49052116,0.00671791,0.03862349,-0.23328858,0.97161697,0.00000000,0.00000000,0.78377003,-1.07759997,-0.53496804,-1.08973873,-0.09498062,0.93286684,0.01641992,0.51931312,-0.12625392,0.00678915,-0.00354082,0.15548237,-0.10654414,-0.00198461,-0.12480402,0.00329955,-0.00333611,0.15468108,-0.10718051,0.00151533
0.00000000,0.00000000,0.49052116,0.00671791,0.03862349,-0.23328858,0.97161697,0.00000000,0.00000000,0.78377003,-1.07759997,-0.53496804,-1.08973873,-0.09498062,0.93286684,0.01641992,0.51931312,-0.12625392,0.00678915,-0.00354082,0.15548237,-0.10654414,-0.00198461,-0.12480402,0.00329955,-0.00333611,0.15468108,-0.10718051,0.00151533
0.00000000,0.00000000,0.49052116,0.00671791,0.03862349,-0.23328858,0.97161697,0.00000000,0.00000000,0.78377003,-1.07759997,-0.53496804,-1.08973873,-0.09498062,0.93286684,0.01641992,0.51931312,-0.12625392,0.00678915,-0.00354082,0.15548237,-0.10654414,-0.00198461,-0.12480402,0.00329955,-0.00333611,0.15468108,-0.10718051,0.00151533
0.00000000,0.00000000,0.49052116,0.00671791,0.03862349,-0.23328858,0.97161697,0.00000000,0.00000000,0.78377003,-1.07759997,-0.53496804,-1.08973873,-0.09498062,0.93286684,0.01641992,0.51931312,-0.12625392,0.00678915,-0.00354082,0.15548237,-0.10654414,-0.00198461,-0.12480402,0.00329955,-0.00333611,0.15468108,-0.10718051,0.00151533
0.00000000,0.00000000,0.49052115,0.00671791,0.03862349,-0.23328858,0.97161697,0.00000000,0.00000000,0.78377003,-1.07759997,-0.53496804,-1.08973873,-0.09498062,0.93286684,0.01641992,0.51931312,-0.12625392,0.00678915,-0.00354082,0.15548237,-0.10654414,-0.00198461,-0.12480402,0.00329955,-0.00333611,0.15468108,-0.10718051,0.00151533
0.00000000,0.00000000,0.49052113,0.00671791,0.03862349,-0.23328858,0.97161697,0.00000000,0.00000000,0.78377003,-1.07759997,-0.53496804,-1.08973873,-0.09498062,0.93286684,0.01641992,0.51931312,-0.12625392,0.00678915,-0.00354082,0.15548237,-0.10654414,-0.00198461,-0.12480402,0.00329955,-0.00333611,0.15468108,-0.10718051,0.00151533
0.00000000,0.00000000,0.49052148,0.00671791,0.03862349,-0.23328858,0.97161697,0.00000000,0.00000000,0.78377003,-1.07759997,-0.53496804,-1.08973873,-0.09498062,0.93286684,0.01641992,0.51931312,-0.12625392,0.00678915,-0.00354082,0.15548237,-0.10654414,-0.00198461,-0.12480402,0.00329955,-0.00333611,0.15468108,-0.10718051,0.00151533
0.00000000,0.00000000,0.49052698,0.00671791,0.03862349,-0.23328858,0.97161697,0.00000000,0.00000000,0.78377003,-1.07759997,-0.53496804,-1.08973873,-0.09498062,0.93286684,0.01641992,0.51931312,-0.12625392,0.00678915,-0.00354082,0.15548237,-0.10654414,-0.00198461,-0.12480402,0.00329955,-0.00333611,0.15468108,-0.10718051,0.00151533
0.00000000,0.00000000,0.49056605,0.00671791,0.03862349,-0.23328858,0.97161697,0.00000000,0.00000000,0.78377003,-1.07759997,-0.53496804,-1.08973873,-0.09498062,0.93286684,0.01641992,0.51931312,-0.12625392,0.00678915,-0.00354082,0.15548237,-0.10654414,-0.00198461,-0.12480402,0.00329955,-0.00333611,0.15468108,-0.10718051,0.00151533
0.00000000,0.00000000,0.49073386,0.00671791,0.03862349,-0.23328858,0.97161697,0.00000000,0.00000000,0.78377003,-1.07759997,-0.53496804,-1.08973873,-0.09498062,0.93286684,0.01641992,0.51931312,-0.12625392,0.00678915,-0.00354082,0.15548237,-0.10654414,-0.00198461,-0.12480402,0.00329955,-0.00333611,0.15468108,-0.10718051,0.00151533
0.00002626,-0.00000454,0.49147712,0.00699133,0.03961622,-0.23272951,0.97170914,0.00000000,0.00000000,0.77966191,-1.07371811,-0.53013852,-1.08877435,-0.09770603,0.93217931,0.02067235,0.52433916,-0.12974920,0.00661883,-0.00381889,0.15570646,-0.10411084,-0.00251105,-0.12377179,0.00293415,-0.00533392,0.15488521,-0.10403836,0.00311214
0.00008746,-0.00001385,0.49326619,0.00781779,0.04293317,-0.23096204,0.97198362,0.00000000,0.00000000,0.76734593,-1.06249315,-0.51562768,-1.08791730,-0.11724922,0.93018841,0.03931819,0.52897874,-0.14104735,0.00623142,-0.00487849,0.15633932,-0.09664518,-0.00407315,-0.12150865,0.00205255,-0.01148458,0.15544375,-0.09455314,0.00780708
0.00007506,-0.00001252,0.49618416,0.00928749,0.05140115,-0.22750199,0.97237570,0.00000000,0.00000000,0.73554765,-1.03697388,-0.48441519,-1.08628472,-0.16708196,0.92669857,0.08083608,0.53701051,-0.16699712,0.00681338,-0.00790499,0.15726422,-0.08280876,-0.00684111,-0.12449713,0.00216713,-0.02271831,0.15575351,-0.07769795,0.01508033
0.00012043,-0.00002511,0.50000673,0.01131188,0.06158605,-0.22302084,0.97280055,0.00000000,0.00000000,0.69590100,-1.00790700,-0.44358140,-1.08480531,-0.23110566,0.92559243,0.13455906,0.54381862,-0.19904662,0.00641962,-0.01150121,0.15859573,-0.06465213,-0.01014252,-0.12569143,0.00174849,-0.03729482,0.15659261,-0.05539602,0.02507896
0.00017791,-0.00004745,0.50443360,0.01388425,0.07412153,-0.21743332,0.97315774,0.00000000,0.00000000,0.64395860,-0.97495038,-0.38974148,-1.08351848,-0.31333564,0.92929724,0.20267423,0.54976528,-0.23856253,0.00513225,-0.01600180,0.16023149,-0.04211105,-0.01376097,-0.12708639,0.00141990,-0.05512007,0.15774199,-0.02781518,0.03734281
0.00021027,-0.00007983,0.50903767,0.01708270,0.09021441,-0.21063584,0.97324308,0.00000000,0.00000000,0.57359436,-0.93829330,-0.31957111,-1.08168548,-0.41419176,0.94150425,0.28290604,0.55707238,-0.28836901,0.00302825,-0.02177595,0.16231813,-0.01514047,-0.01747513,-0.13244518,0.00186298,-0.07605130,0.15947086,0.00467892,0.05131288
0.00027844,-0.00013120,0.51353309,0.02065068,0.10676723,-0.20321350,0.97307686,0.00000000,0.00000000,0.49359863,-0.90640219,-0.23750584,-1.08013959,-0.52023514,0.96382387,0.36731074,0.56319499,-0.34032755,-0.00104960,-0.02763161,0.16442363,0.01445828,-0.02069570,-0.13520140,0.00229602,-0.09854190,0.16118259,0.04060121,0.06682664
0.00035788,-0.00020341,0.51750893,0.02463726,0.12443852,-0.19516135,0.97253283,0.00000000,0.00000000,0.40185447,-0.88060081,-0.14334002,-1.07892340,-0.63044247,0.99793141,0.45247703,0.56845239,-0.39581521,-0.00703838,-0.03366545,0.16667055,0.04629705,-0.02320844,-0.13810816,0.00312075,-0.12226287,0.16317008,0.07918053,0.08334332
0.00044703,-0.00029828,0.52062079,0.02897728,0.14277692,-0.18667898,0.97155856,0.00000000,0.00000000,0.30116218,-0.86380488,-0.04021127,-1.07805021,-0.73924897,1.04354409,0.53305630,0.57303151,-0.45728400,-0.01517950,-0.03946869,0.17600675,0.07641334,-0.02477801,-0.14123534,0.00435532,-0.14651097,0.16538778,0.11937269,0.10041851
0.00054226,-0.00041445,0.52258595,0.03357865,0.16127853,-0.17798312,0.97014624,0.00000000,0.00000000,0.19600383,-0.85790345,0.06711544,-1.07751151,-0.84218524,1.09872899,0.60497419,0.57706699,-0.53746416,-0.02610299,-0.04419501,0.21788329,0.09269546,-0.02523520,-0.14460604,0.00595593,-0.17060728,0.16786805,0.16003887,0.11761492
0.00063612,-0.00055429,0.52327185,0.03833453,0.17944264,-0.16929885,0.96833295,0.00000000,0.00000000,0.09179264,-0.86326847,0.17296298,-1.07727690,-0.93634094,1.16017673,0.66587121,0.58066605,-0.61370444,-0.03860966,-0.04769078,0.25471630,0.11061589,-0.02465748,-0.17205292,0.00297431,-0.19394516,0.21376283,0.18120047,0.13469545
0.00073000,-0.00070828,0.52276282,0.04310886,0.19678580,-0.16084631,0.96620155,0.00000000,0.00000000,-0.00623814,-0.87866280,0.27191142,-1.07729586,-1.02018684,1.22358443,0.71500994,0.58395052,-0.68511863,-0.05215171,-0.04980350,0.28756411,0.12874072,-0.02314509,-0.19535170,-0.00000858,-0.21589407,0.25232811,0.20390463,0.15107240
0.00082570,-0.00086882,0.52129037,0.04774998,0.21284824,-0.15284233,0.96387488,0.00000000,0.00000000,-0.09401258,-0.90154668,0.35982308,-1.07751504,-1.09310133,1.28418639,0.75287544,0.58705773,-0.75057226,-0.06606191,-0.05056348,0.31686697,0.14597450,-0.02089984,-0.21567606,-0.00304413,-0.23599290,0.28576028,0.22607449,0.16635236
0.00091357,-0.00102607,0.51917364,0.05209082,0.22721624,-0.14550338,0.96150304,0.00000000,0.00000000,-0.16901283,-0.92862257,0.43426057,-1.07787695,-1.15489763,1.33769731,0.78071597,0.59018234,-0.80863844,-0.07958091,-0.05020339,0.34225299,0.16169477,-0.01821107,-0.23325475,-0.00602581,-0.25384367,0.31448315,0.24652406,0.18013521
0.00099024,-0.00117052,0.51674063,0.05595321,0.23952394,-0.13905834,0.95924986,0.00000000,0.00000000,-0.23011129,-0.95639819,0.49428906,-1.07832986,-1.20547012,1.38136901,0.80016086,0.59350822,-0.85802350,-0.09193447,-0.04908041,0.36336900,0.17536672,-0.01540275,-0.24797923,-0.00877239,-0.26907568,0.33836288,0.26440174,0.19203683
0.00105503,-0.00129303,0.51419774,0.05916139,0.24945738,-0.13374576,0.95727897,0.00000000,0.00000000,-0.27709919,-0.98162539,0.53996120,-1.07882519,-1.24466522,1.41430941,0.81294120,0.59706920,-0.89777843,-0.10238712,-0.04759108,0.38023146,0.18640216,-0.01280392,-0.25977735,-0.01112661,-0.28132835,0.35736126,0.27895049,0.20171117
0.00110208,-0.00138630,0.51133374,0.06156577,0.25677907,-0.12978231,0.95573570,0.00000000,0.00000000,-0.31024187,-1.00159950,0.57183015,-1.07931859,-1.27231029,1.43679152,0.82067476,0.60082052,-0.92690935,-0.11029681,-0.04616234,0.39238117,0.19456449,-0.01071620,-0.26843441,-0.01289959,-0.29030173,0.37107944,0.28974670,0.20884578
0.00113081,-0.00144430,0.50735838,0.06305416,0.26130578,-0.12733779,0.95474004,0.00000000,0.00000000,-0.32993556,-1.01433579,0.59055470,-1.07976321,-1.28821548,1.44935579,0.82465016,0.60452266,-0.94477318,-0.11520136,-0.04514547,0.39969515,0.19959083,-0.00937069,-0.27382715,-0.01398626,-0.29576554,0.37936976,0.29640480,0.21321256
0.00114082,-0.00146412,0.50198045,0.06355675,0.26277321,-0.12651717,0.95441301,0.00000000,0.00000000,-0.33616104,-1.01852458,0.59654809,-1.08001728,-1.29263902,1.45297728,0.82577908,0.60684103,-0.95062150,-0.11687516,-0.04476633,0.40210813,0.20127668,-0.00889936,-0.27545340,-0.01435232,-0.29759295,0.38203948,0.29868404,0.21469228
0.04068181,-0.01525319,0.49805236,0.05645056,0.25097580,-0.13264210,0.95719933,0.00000000,0.00000000,-0.41700932,-1.03778394,0.62825069,-1.08104804,-1.11212855,1.43408154,0.73021958,0.60995624,-0.77609626,-0.14900424,-0.00126165,0.16400416,0.19838857,-0.01725655,-0.50416598,-0.11735697,-0.24399239,0.90028053,0.30740036,0.18937664
0.07860466,-0.02573241,0.48860303,0.06113513,0.23373950,-0.13315197,0.96119660,0.00000000,0.00000000,-0.62122021,-1.07419615,0.75032380,-1.08296640,-0.93536174,1.39518985,0.65426718,0.61078530,-0.67623698,-0.18975052,0.07465075,0.16242205,0.10493323,0.04091170,-0.83015905,-0.26635136,-0.16288224,1.39965587,0.26317567,0.05408978
0.11797993,-0.03283331,0.47747440,0.06886828,0.23227949,-0.14113104,0.95988824,0.00000000,0.00000000,-0.90097050,-1.15040847,0.89264659,-1.08988469,-0.73851853,1.31456934,0.55648200,0.60675771,-0.55681977,-0.21600422,0.11539668,0.17009871,-0.05155545,0.10315235,-1.26882819,-0.31317747,0.00859794,1.75255963,0.28698744,-0.05676017
0.16196867,-0.04080220,0.46855148,0.07671271,0.24636141,-0.16543423,0.95186802,0.00000000,0.00000000,-1.19618051,-1.23979463,1.03500301,-1.09750335,-0.55687501,1.21851942,0.47636285,0.59960560,-0.43060838,-0.20589232,0.09232555,0.17349049,-0.20145390,0.11270434,-1.64888480,-0.19403532,0.13683483,1.86302047,0.34499997,-0.04702282
0.20630717,-0.04823429,0.46392025,0.07674208,0.25694494,-0.19925499,0.94254305,0.00000000,0.00000000,-1.46590605,-1.27887552,1.10437569,-1.10597438,-0.39787320,1.10441810,0.37192520,0.59418659,-0.32038430,-0.17216281,0.04495472,0.16488930,-0.25816371,0.04787645,-1.79976398,-0.08937451,0.12980949,1.62001461,0.34499997,-0.01797620
0.25117662,-0.05815762,0.46398271,0.09076161,0.25301708,-0.22110957,0.93747280,0.00000000,0.00000000,-1.61082964,-1.28086956,1.16388136,-1.10936925,-0.25859718,0.99758213,0.24950953,0.59204181,-0.18715909,-0.15565770,0.12454732,0.15808173,-0.18925094,-0.03003445,-1.67518534,-0.02788717,0.15585099,1.09397611,0.34499997,0.07647893
0.30119472,-0.07276161,0.46448403,0.10532185,0.23403335,-0.23124448,0.93843577,0.00000000,0.00000000,-1.55441240,-1.21243058,1.16447118,-1.10959456,-0.16661009,0.92083711,0.16233684,0.59139923,-0.04725276,-0.17106166,0.14977995,0.15329674,-0.03905316,-0.08267495,-1.48200602,-0.03688853,0.21254367,0.67273547,0.34499997,0.17135760
0.35085996,-0.09025265,0.46449849,0.11673006,0.20985891,-0.23961069,0.94070189,0.00000000,0.00000000,-1.24859312,-1.06393618,1.07011896,-1.10677286,-0.16961328,0.87143661,0.13527121,0.59220365,0.07079398,-0.19037931,0.15085139,0.16059572,0.11524011,-0.10182412,-1.35131192,-0.05045912,0.24482501,0.56789785,0.34499997,0.23435773
0.40179982,-0.10190699,0.46818127,0.11812362,0.20224675,-0.25955432,0.93689627,0.00000000,0.00000000,-0.81831298,-0.92463521,0.89520882,-1.10140259,-0.30311929,0.85072823,0.22752031,0.59369940,-0.09289987,-0.14392265,0.21859596,0.56000346,0.08730859,-0.05721796,-1.18400107,-0.04125096,0.19987109,0.49752490,0.34499997,0.20047669
0.44813689,-0.10824792,0.46967981,0.11047103,0.19577392,-0.27308284,0.93535795,0.00000000,0.00000000,-0.55093632,-0.82394114,0.74015825,-1.08801487,-0.44345753,0.88359859,0.33005960,0.59536684,-0.24427981,-0.04379446,0.32370950,0.89108832,0.03309723,-0.00410648,-1.03622074,-0.02238982,0.12938420,0.38714202,0.34499997,0.12044546
0.48840914,-0.11193033,0.46672140,0.10034808,0.19734623,-0.27149820,0.93662877,0.00000000,0.00000000,-0.39900148,-0.69868651,0.56505331,-1.07598405,-0.59565347,0.97313410,0.46005348,0.59652938,-0.41962258,0.05603916,0.34385840,1.21700849,0.01384537,0.03410176,-1.06180282,0.00061155,0.05845311,0.57922881,0.15400763,0.02892316
0.52238962,-0.11327882,0.46078412,0.09186975,0.19422095,-0.25792954,0.94197162,0.00000000,0.00000000,-0.01120512,-0.48569750,-0.09312101,-1.07097492,-0.79454474,1.12186527,0.59363666,0.59860730,-0.59105186,0.11009067,0.32576845,1.46872808,0.00481087,0.06807657,-1.05277761,-0.01216420,-0.01219650,0.74290449,-0.05835297,-0.04634116
0.55216317,-0.11188884,0.45537053,0.08842833,0.19267774,-0.23532273,0.94851406,0.00000000,0.00000000,0.55555973,-0.47841398,-1.22381614,-1.06559367,-1.00106571,1.31859346,0.72289677,0.60248980,-0.77957697,0.14124955,0.32034173,1.64807462,-0.02497185,0.10256481,-0.99324297,-0.06087138,-0.11324739,0.83244613,-0.29317220,-0.09632227
0.58104216,-0.10746019,0.45498338,0.08248628,0.19934313,-0.21232092,0.95308875,0.00000000,0.00000000,0.64274328,-0.51155417,-1.52122461,-1.06782886,-1.09747031,1.42425237,0.81027870,0.60752730,-0.95599986,0.13696866,0.27535122,1.72609852,-0.04038082,0.12775124,-0.93979784,-0.10904239,-0.17538564,0.86868027,-0.38973228,-0.09511409
0.61046530,-0.10119571,0.46069180,0.07527467,0.20504766,-0.18298820,0.95854290,0.00000000,0.00000000,0.68225713,-0.54104683,-1.60862459,-1.08202830,-1.14897171,1.46468041,0.86781872,0.62626910,-1.14660889,0.10088950,0.21620891,1.75030292,-0.03811187,0.13339252,-0.82105870,-0.14982660,-0.25383644,0.80909624,-0.43843484,-0.06984810
0.64229228,-0.09430539,0.47121957,0.07242578,0.20323150,-0.14473575,0.96566196,0.00000000,0.00000000,0.69390945,-0.57993382,-1.62944698,-1.09669427,-1.18449988,1.48180984,0.96804739,0.64047573,-1.31572955,0.01815345,0.15220933,1.68155021,-0.04352255,0.17621792,-0.61328538,-0.16106607,-0.38844062,0.63270276,-0.42385157,-0.01388923
0.67781165,-0.08749836,0.48325498,0.07092996,0.20060148,-0.09703769,0.97227140,0.00000000,0.00000000,0.67535315,-0.63307068,-1.62230492,-1.11104278,-1.20847854,1.47171128,1.02192316,0.64491441,-1.40975525,-0.08771067,0.12015893,1.52595079,-0.03643102,0.20105209,-0.38715089,-0.11587127,-0.49892109,0.39165084,-0.29902222,0.08236799
0.71690677,-0.08102372,0.49252266,0.06536783,0.19695563,-0.06653483,0.97596549,0.00000000,0.00000000,0.68690452,-0.70215448,-1.60683441,-1.12418996,-1.23266130,1.46345029,1.07132666,0.64395668,-1.41280616,-0.18461791,0.07611958,1.30827577,0.00945033,0.16738968,-0.19931075,-0.05076677,-0.57231772,0.17590367,-0.15249415,0.16046964
0.75767400,-0.07548517,0.49717290,0.05820295,0.19154504,-0.03904580,0.97897821,0.00000000,0.00000000,0.70690617,-0.75770607,-1.61197091,-1.13663423,-1.25658732,1.45269932,1.11287167,0.63929494,-1.34001291,-0.26095720,0.02202467,1.00655452,0.07946972,0.11708604,-0.10901362,-0.03006673,-0.62497710,0.17233503,-0.09321632,0.21895314
0.80052713,-0.07047286,0.49455966,0.04293441,0.18786570,-0.01305397,0.98116905,0.00000000,0.00000000,0.75928123,-0.81779409,-1.61941928,-1.14773532,-1.26038795,1.42638229,1.11244026,0.62947132,-1.18016319,-0.30936495,-0.06559456,0.58248852,0.22638418,0.05543306,-0.01067494,0.02290682,-0.64337910,0.17025804,0.02411954,0.27622181
0.84760592,-0.06675018,0.48035777,0.01067705,0.17623640,0.00393388,0.98428210,0.00000000,0.00000000,0.88119597,-0.86415662,-1.70567816,-1.15546591,-1.23458116,1.37798614,1.07576510,0.61820630,-0.99906650,-0.31191132,-0.10600699,0.21035040,0.34499997,0.01258148,0.13055326,0.11361518,-0.61459061,0.17099745,0.14435390,0.32955063
0.89780459,-0.06270978,0.46067920,-0.02645285,0.15227816,0.01360299,0.98788996,0.00000000,0.00000000,0.99457797,-0.89756768,-1.79622829,-1.16105236,-1.15153298,1.34283294,1.04744176,0.60994562,-0.95461356,-0.29726064,-0.06563004,0.15561600,0.31776119,-0.00732042,0.32455396,0.21393078,-0.57419290,0.16754272,0.25080671,0.34499997
0.94963014,-0.05673565,0.44473400,-0.05336617,0.12961956,0.02187529,0.98988499,0.00000000,0.00000000,1.07510921,-0.92985008,-1.88201426,-1.16474642,-1.08396628,1.26596218,1.00525156,0.60313315,-0.92494015,-0.27638231,0.02473571,0.15080825,0.26372616,-0.00759507,0.51938859,0.26060632,-0.49927255,0.18504581,0.34499997,0.34499997
1.00160057,-0.04787529,0.43542974,-0.06822720,0.09881143,0.03533064,0.99213562,0.00000000,0.00000000,1.14455254,-0.95698358,-1.94221915,-1.16876926,-0.98621236,1.13789900,0.93521984,0.59580905,-0.87247726,-0.25828360,0.11698846,0.15283904,0.24906201,-0.00552436,0.62212506,0.23553913,-0.44092942,0.42221653,0.34499997,0.34499997
1.04879049,-0.03591344,0.43302956,-0.06883399,0.07300600,0.05429308,0.99347082,0.00000000,0.00000000,1.19218153,-0.97037301,-1.96028261,-1.17203903,-0.82980719,0.95562030,0.80526621,0.58989697,-0.80810881,-0.24863332,0.15639674,0.16021287,0.29238190,0.00557835,0.63984294,0.16147331,-0.40928376,0.79129528,0.34499997,0.34499997
1.08731290,-0.01973131,0.43574173,-0.06078084,0.05227742,0.06630959,0.99457317,0.00000000,0.00000000,1.21999998,-1.00177667,-1.95834564,-1.17634843,-0.62601400,0.78416586,0.59811409,0.58427031,-0.72569942,-0.24102980,0.20577521,0.17051727,0.25381981,0.03900668,0.66513957,0.10120914,-0.33941931,1.07344980,0.34499997,0.34499997
1.12015280,-0.00146412,0.44166708,-0.05144216,0.03751059,0.07713277,0.99498603,0.00000000,0.00000000,1.21999998,-0.99840504,-1.95315023,-1.18467260,-0.40756218,0.64892801,0.34541584,0.58080069,-0.64282867,-0.25366919,0.24692801,0.18111390,0.19158341,0.08773278,0.68304729,0.03023983,-0.28035580,1.28002227,0.34499997,0.34499997
1.14905069,0.01801377,0.44832959,-0.03881892,0.03029134,0.08998486,0.99472521,0.00000000,0.00000000,1.21999998,-0.99595407,-1.93737341,-1.19900919,-0.10327374,0.52782814,0.01848674,0.58124421,-0.56779697,-0.26924062,0.28056112,0.19439762,0.13334041,0.14162637,0.67003621,-0.05000312,-0.19721720,1.49227808,0.34499997,0.34499997
1.17818208,0.04019042,0.45436182,-0.02863157,0.02299091,0.08741289,0.99549517,0.00000000,0.00000000,1.21999998,-0.95196820,-1.92316137,-1.21486173,0.24118825,0.47284851,-0.36916133,0.58166687,-0.48332003,-0.27809551,0.29125597,0.20059905,0.06791542,0.15691976,0.60286543,-0.12505973,-0.06575298,1.64323803,0.34499997,0.34499997
1.20448704,0.06375475,0.45929289,-0.01923778,0.01541628,0.08710468,0.99589408,0.00000000,0.00000000,1.21999998,-0.87840222,-1.90538711,-1.23239470,0.58218599,0.47507738,-0.77375804,0.58565003,-0.40184421,-0.29693424,0.27470161,0.20053486,0.00945850,0.16334538,0.43938530,-0.19450728,0.10425666,1.78393785,0.34499997,0.34499997
1.22574617,0.08825129,0.46297387,-0.01807765,0.02684279,0.07916867,0.99633578,0.00000000,0.00000000,1.21999998,-0.76697574,-1.83681669,-1.26427647,0.74102643,0.52942304,-0.96712638,0.59480065,-0.35264168,-0.30116581,0.25388469,0.19764803,-0.03083490,0.15113776,0.16701000,-0.22000240,0.29312033,1.89720840,0.34499997,0.34499997
1.24099904,0.11508466,0.46643642,-0.02012446,0.03942208,0.06485008,0.99691292,0.00000000,0.00000000,1.21999998,-0.57312918,-1.72385498,-1.28440717,0.74856020,0.58562493,-0.99216692,0.59980900,-0.39782077,-0.28859592,0.28553695,0.29764150,-0.06801197,0.12513834,-0.24181469,-0.21983179,0.51312933,1.88513571,0.34499997,0.34499997
1.25172891,0.14229253,0.46730438,-0.02376289,0.05171702,0.04568551,0.99733320,0.00000000,0.00000000,1.21999998,-0.25284796,-1.51484247,-1.27569937,0.68705828,0.65445965,-0.87190762,0.60006891,-0.53045478,-0.23221970,0.39903627,0.46980843,-0.08319833,0.10663914,-0.64954791,-0.25010725,0.70500945,1.57135640,0.25397494,0.34499997
1.26559375,0.16494856,0.46674430,-0.03468196,0.05009103,0.01478027,0.99803286,0.00000000,0.00000000,0.82456143,0.15069850,-0.93653303,-1.27370872,0.59727820,0.77498926,-0.68407709,0.59701893,-0.68057980,-0.09873511,0.45451590,0.70947676,-0.03105971,0.02812743,-0.86485183,-0.25607810,0.73113740,0.90777175,0.28288925,0.34499997
1.27606566,0.16369512,0.46131270,-0.04206082,0.05269218,-0.00592752,0.99770701,0.00000000,0.00000000,1.21999998,0.40450271,-1.26444052,-1.26905152,0.57160252,0.86570139,-0.55568229,0.59341997,-0.77050771,-0.00025336,0.44214827,0.87665511,-0.09148464,-0.00207025,-0.88274303,-0.25304078,0.65669846,0.40128745,0.34499997,0.34499997
1.29428720,0.15036872,0.45556377,-0.03220216,0.03741737,-0.01909461,0.99859820,0.00000000,0.00000000,1.21999998,0.57677065,-1.20980578,-1.28654249,0.62560908,0.96237403,-0.52157238,0.59183635,-0.75785729,0.06883734,0.46140854,1.01346749,-0.19877750,-0.02036709,-1.02596969,-0.13774302,0.60576416,0.26435209,0.34499997,0.34316604
1.31185200,0.14756171,0.45715277,-0.01582538,0.02638623,-0.03264150,0.99899342,0.00000000,0.00000000,1.21999998,0.65103090,-1.15292532,-1.32832245,0.69482957,1.06707593,-0.51694284,0.59034593,-0.66889848,0.05556265,0.47390470,0.99712154,-0.27554541,-0.04074969,-1.18787353,0.01485186,0.54821036,0.29742981,0.34499997,0.31495711
1.32954531,0.16944163,0.46362025,-0.00606530,0.02302259,-0.04184044,0.99884060,0.00000000,0.00000000,1.21999998,0.72052236,-1.14390825,-1.37126217,0.72941193,1.14682513,-0.47674635,0.58869694,-0.54028091,-0.02714000,0.44550274,0.86370782,-0.31585070,-0.06850793,-1.35089409,0.17900828,0.53548852,0.41849639,0.34499997,0.31078507
1.34654606,0.19019012,0.47196969,0.00247532,0.00918455,-0.04292550,0.99903299,0.00000000,0.00000000,1.21999998,0.82410608,-1.16349181,-1.41773874,0.75741286,1.20506747,-0.44942474,0.58662008,-0.37963887,-0.08394206,0.45868522,0.70930905,-0.31368392,-0.06407709,-1.43511914,0.29526384,0.53498729,0.48017767,0.34499997,0.32012236
1.36598551,0.21205121,0.48179894,0.01763078,-0.00475298,-0.04131183,0.99897943,0.00000000,0.00000000,1.21999998,1.00426620,-1.26113861,-1.45858387,0.81575206,1.26795029,-0.40568835,0.58417797,-0.16587742,-0.19264314,0.42954066,0.42945188,-0.22694122,-0.06235221,-1.51403996,0.39999997,0.52363400,0.48647252,0.34499997,0.34499997
1.38569730,0.23507098,0.49203676,0.03665757,-0.02215980,-0.02339035,0.99880832,0.00000000,0.00000000,1.21999998,1.17382154,-1.37807620,-1.49594491,0.87621176,1.34122043,-0.42945140,0.58041326,0.01638471,-0.27235626,0.39312735,0.17000465,-0.07039634,-0.07475270,-1.48258494,0.39999997,0.52776167,0.31638103,0.34499997,0.34499997
1.40234008,0.25884279,0.50109342,0.04150321,-0.02742463,0.02031197,0.99855535,0.00000000,0.00000000,1.21999998,1.35938372,-1.50968659,-1.51607519,0.88082608,1.41469713,-0.43834400,0.57786848,0.03773160,-0.27358129,0.34172159,0.15834740,-0.03457023,-0.08851594,-1.51606175,0.39999997,0.52524640,0.30836009,0.34499997,0.34499997
1.41611090,0.27889859,0.51014613,0.04363248,-0.03946768,0.06255547,0.99630584,0.00000000,0.00000000,1.21999998,1.38941997,-1.53935624,-1.54832382,0.88240304,1.39807977,-0.46515773,0.57554840,0.06309899,-0.26460012,0.31498248,0.15074027,0.02739045,-0.11274066,-1.45878364,0.39999997,0.56506033,0.33892873,0.34499997,0.34499997
1.42840791,0.29664151,0.52103346,0.04718361,-0.03712090,0.10607560,0.99254406,0.00000000,0.00000000,1.21999998,1.35295044,-1.50755868,-1.57001016,0.89860374,1.33801967,-0.53916172,0.57723351,0.08204756,-0.25355239,0.26282313,0.14360588,0.11872815,-0.16695563,-1.37247718,0.39999997,0.59050470,0.41821370,0.34499997,0.34499997
1.42752510,0.30514781,0.52950671,0.01867571,0.00268759,0.23039632,0.97291394,0.00000000,0.00000000,1.21999998,0.62565062,-1.08456962,-1.64792888,0.79370310,0.95011745,-0.85454727,0.58719587,0.11825414,-0.19604186,0.23418807,0.12729605,0.26571400,-0.27279578,-0.82061320,0.39999997,0.82749324,0.54657802,0.34499997,0.34499997
1.42761000,0.30494553,0.53356002,0.01876638,0.00096993,0.22867662,0.97332106,0.00000000,0.00000000,1.21999998,0.52692769,-1.03386027,-1.73781683,0.79815996,0.95342166,-0.85416920,0.59238190,0.12129421,-0.19398849,0.23350212,0.12734848,0.26397801,-0.27222572,-0.81759938,0.39999997,0.82395748,0.54832910,0.34499997,0.34499997
1.42788525,0.30432918,0.53555691,0.02029662,-0.00236167,0.22216960,0.97479390,0.00000000,0.00000000,1.21999998,0.30083460,-0.89574556,-1.83213432,0.79894134,0.94871485,-0.84719549,0.59522283,0.12786615,-0.19228413,0.23401341,0.12614043,0.25919536,-0.26992295,-0.81061974,0.39999997,0.81870568,0.55401102,0.34499997,0.34499997
1.42829272,0.30352746,0.53576174,0.01967121,-0.00412813,0.21096823,0.97728625,0.00000000,0.00000000,1.21999998,0.19032210,-0.85119575,-1.90663956,0.78664171,0.94068929,-0.82923532,0.59668278,0.12590199,-0.18400476,0.23693976,0.12996500,0.24951271,-0.26656182,-0.80677059,0.39999997,0.80851213,0.55725675,0.34499997,0.34499997
1.42884429,0.30248332,0.53523152,0.01805891,-0.00495918,0.19562948,0.98049905,0.00000000,0.00000000,1.21999998,0.11580116,-0.82224032,-1.92572229,0.76480075,0.92995029,-0.80299534,0.59732127,0.11954977,-0.17181152,0.24085652,0.13526235,0.23659153,-0.26186533,-0.80457520,0.39999997,0.79426210,0.56111559,0.34499997,0.34499997
1.42950914,0.30120020,0.53447491,0.01642115,-0.00564555,0.17649370,0.98414859,0.00000000,0.00000000,1.21999998,0.04385993,-0.79509766,-1.92656826,0.73635905,0.91681051,-0.77010611,0.59730063,0.11394809,-0.15846096,0.24469705,0.13716078,0.22247328,-0.25550897,-0.80178899,0.39999997,0.77736347,0.56746250,0.34499997,0.34499997
1.42963949,0.29918687,0.53323370,0.01893745,-0.00489716,0.15613019,0.98754279,0.00000000,0.00000000,-0.49851356,-0.44770957,0.89546875,-1.86320163,0.70805224,0.89823649,-0.74307807,0.59699057,0.10366915,-0.15294369,0.24420954,0.13943651,0.20839699,-0.24568832,-0.80800175,0.39999997,0.75866286,0.59249408,0.34499997,0.34499997
1.42939911,0.29742927,0.53190819,0.01723845,-0.00310575,0.13484810,0.99071145,0.00000000,0.00000000,-0.42179674,-0.46153441,0.82436500,-1.79690321,0.66990299,0.88782934,-0.70794665,0.59658356,0.08631768,-0.13677425,0.24021794,0.14489956,0.19241126,-0.23478845,-0.81792377,0.39999997,0.72821629,0.61609058,0.34499997,0.34499997
1.42890233,0.29560555,0.53044514,0.01586408,-0.00101746,0.11067630,0.99372937,0.00000000,0.00000000,-0.30994028,-0.46761064,0.71765391,-1.74260130,0.62648279,0.87633072,-0.66750728,0.59580968,0.06873258,-0.12094419,0.23588825,0.14840933,0.17557684,-0.22236502,-0.82584215,0.39999997,0.69874129,0.64067232,0.34499997,0.34499997
1.42803386,0.29389680,0.52859710,0.01407700,0.00165527,0.08496769,0.99628289,0.00000000,0.00000000,-0.15613956,-0.46778271,0.56908502,-1.70711352,0.57802540,0.86700828,-0.62228702,0.59519585,0.04875870,-0.10375629,0.22943992,0.15246301,0.15755483,-0.20864505,-0.82092699,0.38469802,0.66994359,0.64226895,0.34499997,0.34499997
1.42683808,0.29261857,0.52656450,0.01237304,0.00462820,0.05828335,0.99821267,0.00000000,0.00000000,-0.04135998,-0.49032172,0.45328829,-1.64300566,0.52404820,0.85926254,-0.57085671,0.59385753,0.02783363,-0.08720850,0.22046551,0.15637160,0.13860315,-0.19324897,-0.78047831,0.32794004,0.64064649,0.58016285,0.34499997,0.34386620
1.42573746,0.29129849,0.52428041,0.01030788,0.00771049,0.03110690,0.99943317,0.00000000,0.00000000,0.07724073,-0.51773826,0.33142684,-1.58333556,0.46854257,0.85519685,-0.51772581,0.59280667,0.00803720,-0.06960777,0.20843397,0.15876175,0.11910965,-0.17790534,-0.73115743,0.26942724,0.58833286,0.50959298,0.34499997,0.30562560
1.42451769,0.29024217,0.52176835,0.00841455,0.01109657,0.00337712,0.99989732,0.00000000,0.00000000,0.19269812,-0.55224361,0.20976699,-1.52685696,0.41194186,0.85379971,-0.46337366,0.59189009,-0.01096386,-0.05331562,0.19471808,0.15938509,0.09954672,-0.16185707,-0.67037950,0.21169505,0.53569658,0.42863196,0.34499997,0.26916162
1.42327755,0.28947274,0.51903077,0.00657924,0.01469979,-0.02445190,0.99957128,0.00000000,0.00000000,0.29976691,-0.59355482,0.09360049,-1.47345321,0.35535724,0.85533258,-0.40876686,0.59105680,-0.02922718,-0.03811413,0.17948291,0.15930673,0.07959897,-0.14546692,-0.59785171,0.15681096,0.48219847,0.33679647,0.34499997,0.23468341
1.42212396,0.28898350,0.51614197,0.00490425,0.01839022,-0.05188392,0.99847174,0.00000000,0.00000000,0.39529353,-0.64069187,-0.01354547,-1.42320116,0.30024747,0.85961445,-0.35526910,0.59029758,-0.04639489,-0.02439379,0.16286531,0.15887732,0.05929328,-0.12896327,-0.51371978,0.10655819,0.42767185,0.23437714,0.34499997,0.20232375
1.42132246,0.28876361,0.51303183,0.00385884,0.02167907,-0.07800138,0.99671004,0.00000000,0.00000000,0.47722412,-0.69223947,-0.10809255,-1.37614988,0.24954910,0.86579379,-0.30557970,0.58963659,-0.06106575,-0.01370285,0.14427118,0.15816597,0.03847299,-0.11225963,-0.43682200,0.06902451,0.37047107,0.15885559,0.32449703,0.17194715
1.42095064,0.28870193,0.50974272,0.00355571,0.02426718,-0.10226682,0.99445460,0.00000000,0.00000000,0.54584492,-0.74607000,-0.18920352,-1.33226871,0.20482339,0.87301031,-0.26103109,0.58909016,-0.07290588,-0.00644830,0.12381212,0.15772163,0.01716410,-0.09556981,-0.39440137,0.05068257,0.31122001,0.15817275,0.26023276,0.14332251
1.42067165,0.28867917,0.50654814,0.00348385,0.02673214,-0.12515432,0.99177097,0.00000000,0.00000000,0.60296963,-0.80007965,-0.25997938,-1.29142357,0.16383502,0.88120208,-0.21980228,0.58862468,-0.08351176,-0.00088207,0.10343266,0.15731543,-0.00347770,-0.07964563,-0.35186740,0.03581975,0.25538712,0.15769453,0.19819285,0.11715661
1.42046738,0.28867832,0.50351628,0.00361285,0.02903866,-0.14639863,0.98879277,0.00000000,0.00000000,0.64959066,-0.85245232,-0.32103897,-1.25346318,0.12686758,0.88989295,-0.18222999,0.58822221,-0.09285339,0.00314423,0.08366168,0.15693625,-0.02306618,-0.06471065,-0.31030710,0.02434594,0.20368732,0.15724005,0.13956400,0.09350110
1.42032045,0.28868882,0.50070155,0.00391921,0.03115764,-0.16575585,0.98566670,0.00000000,0.00000000,0.68669009,-0.90150829,-0.37299229,-1.21821111,0.09409435,0.89861418,-0.14857707,0.58787143,-0.10094973,0.00579721,0.06500014,0.15659150,-0.04124804,-0.05096652,-0.27086206,0.01596031,0.15677223,0.15677585,0.08538867,0.07240814
1.42021476,0.28870490,0.49815645,0.00436298,0.03306204,-0.18300825,0.98254560,0.00000000,0.00000000,0.71515908,-0.94572865,-0.41637220,-1.18547702,0.06560688,0.90695040,-0.11903698,0.58756677,-0.10785445,0.00730472,0.04791015,0.15629396,-0.05769029,-0.03860376,-0.23461541,0.01023047,0.11520354,0.15632313,0.03658972,0.05393034
1.42013671,0.28872420,0.49592551,0.00489163,0.03472628,-0.19796194,0.97958217,0.00000000,0.00000000,0.73572622,-0.98378122,-0.45157275,-1.15506703,0.04144804,0.91454876,-0.09375689,0.58730399,-0.11360606,0.00792989,0.03279609,0.15603531,-0.07210020,-0.02779932,-0.20249341,0.00663258,0.07943809,0.15588187,-0.00601721,0.03812953
1.42007751,0.28874476,0.49404747,0.00544603,0.03612562,-0.21044557,0.97692269,0.00000000,0.00000000,0.74893108,-1.01454611,-0.47881796,-1.12679207,0.02164230,0.92112282,-0.07286223,0.58708164,-0.11826729,0.00794786,0.01999468,0.15583745,-0.08422921,-0.01871377,-0.17526977,0.00461588,0.04981878,0.15547842,-0.04175774,0.02507171
1.42003257,0.28876510,0.49255401,0.00596258,0.03723644,-0.22031358,0.97469986,0.00000000,0.00000000,0.75512072,-1.03714438,-0.49817195,-1.10047575,0.00621121,0.92644663,-0.05647062,0.58689984,-0.12185595,0.00762576,0.00977319,0.15567906,-0.09386497,-0.01148708,-0.15353501,0.00365949,0.02658733,0.15514223,-0.07009946,0.01482392
1.41999900,0.28878256,0.49146704,0.00638224,0.03803926,-0.22744760,0.97302614,0.00000000,0.00000000,0.75444475,-1.05095472,-0.50953029,-1.07596155,-0.00482572,0.93035788,-0.04467869,0.58675990,-0.12439759,0.00720116,0.00233160,0.15556467,-0.10085486,-0.00623699,-0.13771341,0.00331436,0.00990022,0.15487881,-0.09062494,0.00745182
1.41997685,0.28879440,0.49080023,0.00665702,0.03851789,-0.23175979,0.97198737,0.00000000,0.00000000,0.74684724,-1.05562899,-0.51261952,-1.05311603,-0.01145058,0.93274022,-0.03756929,0.58666328,-0.12590070,0.00685849,-0.00219413,0.15549241,-0.10508839,-0.00305059,-0.12810333,0.00324103,-0.00015114,0.15473112,-0.10306080,0.00300494
1.41996611,0.28879873,0.49055274,0.00675576,0.03866234,-0.23319574,0.97163745,0.00000000,0.00000000,0.73204013,-1.05109808,-0.50697193,-1.03182040,-0.01364649,0.93352731,-0.03519635,0.58661162,-0.12637856,0.00671418,-0.00372580,0.15546993,-0.10650114,-0.00198158,-0.12485084,0.00322535,-0.00352081,0.15468080,-0.10722685,0.00151814
1.41996109,0.28879875,0.49052520,0.00676030,0.03863836,-0.23318429,0.97164112,0.00000000,0.00000000,0.71397498,-1.04238289,-0.49696411,-1.01192398,-0.01361442,0.93350890,-0.03520697,0.58659158,-0.12634768,0.00669244,-0.00374787,0.15547826,-0.10649588,-0.00198191,-0.12480345,0.00320293,-0.00354281,0.15467729,-0.10722615,0.00151859
1.41995665,0.28879899,0.49051529,0.00676415,0.03861559,-0.23317324,0.97164465,0.00000000,0.00000000,0.69688355,-1.03436467,-0.48738232,-0.99328897,-0.01357042,0.93349223,-0.03522590,0.58658334,-0.12631100,0.00667061,-0.00376926,0.15547480,-0.10648669,-0.00198017,-0.12475192,0.00318255,-0.00356412,0.15466927,-0.10722704,0.00151897
1.41995220,0.28879923,0.49051198,0.00676734,0.03859413,-0.23316288,0.97164797,0.00000000,0.00000000,0.68071848,-1.02698276,-0.47822287,-0.97582989,-0.01352370,0.93347738,-0.03524685,0.58657973,-0.12627213,0.00665283,-0.00378934,0.15546637,-0.10647688,-0.00198043,-0.12471841,0.00316419,-0.00358434,0.15468545,-0.10723660,0.00151930
1.41994817,0.28879934,0.49051031,0.00677026,0.03857386,-0.23315300,0.97165112,0.00000000,0.00000000,0.66543407,-1.02018279,-0.46947798,-0.95946756,-0.01347847,0.93346373,-0.03526739,0.58657701,-0.12623741,0.00663597,-0.00380848,0.15546222,-0.10646946,-0.00198044,-0.12467091,0.00314753,-0.00360350,0.15467633,-0.10723691,0.00151916
1.41994438,0.28879967,0.49050927,0.00677262,0.03855470,-0.23314384,0.97165406,0.00000000,0.00000000,0.65098704,-1.01391477,-0.46113913,-0.94412916,-0.01343530,0.93345148,-0.03528674,0.58657502,-0.12620224,0.00661988,-0.00382627,0.15545662,-0.10646296,-0.00197950,-0.12463318,0.00313201,-0.00362140,0.15467701,-0.10723910,0.00151957
1.41994075,0.28879999,0.49050856,0.00677460,0.03853660,-0.23313523,0.97165683,0.00000000,0.00000000,0.63733513,-1.00813336,-0.45319616,-0.92974716,-0.01339469,0.93344043,-0.03530477,0.58657294,-0.12617694,0.00660585,-0.00384322,0.15545780,-0.10645526,-0.00197930,-0.12459843,0.00311838,-0.00363825,0.15467722,-0.10723971,0.00151943
1.41993730,0.28880032,0.49050771,0.00677631,0.03851955,-0.23312715,0.97165943,0.00000000,0.00000000,0.62443964,-1.00279795,-0.44563813,-0.91626004,-0.01335620,0.93343024,-0.03532171,0.58657121,-0.12614707,0.00659281,-0.00385902,0.15545449,-0.10644945,-0.00197899,-0.12456729,0.00310453,-0.00365399,0.15468446,-0.10724568,0.00152057
1.41993415,0.28880073,0.49050691,0.00677793,0.03850349,-0.23311952,0.97166189,0.00000000,0.00000000,0.61226227,-0.99787088,-0.43845369,-0.90361029,-0.01331970,0.93342106,-0.03533788,0.58656963,-0.12612341,0.00658048,-0.00387390,0.15545726,-0.10644540,-0.00197868,-0.12453332,0.00309213,-0.00366879,0.15468014,-0.10724490,0.00152103
1.41993107,0.28880100,0.49050620,0.00677918,0.03848826,-0.23311249,0.97166417,0.00000000,0.00000000,0.60076851,-0.99331906,-0.43163087,-0.89174584,-0.01328583,0.93341214,-0.03535242,0.58656776,-0.12609499,0.00656972,-0.00388770,0.15544806,-0.10643561,-0.00197869,-0.12450085,0.00308218,-0.00368270,0.15467802,-0.10724610,0.00152024
1.41992830,0.28880135,0.49050553,0.00678026,0.03847398,-0.23310585,0.97166632,0.00000000,0.00000000,0.58992513,-0.98911168,-0.42515852,-0.88061902,-0.01325369,0.93340453,-0.03536626,0.58656636,-0.12607136,0.00655970,-0.00390083,0.15544539,-0.10642933,-0.00197862,-0.12447238,0.00307161,-0.00369575,0.15468049,-0.10724992,0.00152090
1.41992553,0.28880169,0.49050509,0.00678114,0.03846061,-0.23309962,0.97166834,0.00000000,0.00000000,0.57970193,-0.98522206,-0.41902512,-0.87018626,-0.01322298,0.93339720,-0.03537947,0.58656519,-0.12604720,0.00654953,-0.00391298,0.15544267,-0.10642520,-0.00197750,-0.12445038,0.00306296,-0.00370802,0.15468726,-0.10725305,0.00152052
1.41992313,0.28880198,0.49050460,0.00678192,0.03844790,-0.23309380,0.97167023,0.00000000,0.00000000,0.57007148,-0.98162600,-0.41321993,-0.86040875,-0.01319464,0.93339091,-0.03539152,0.58656380,-0.12602885,0.00654206,-0.00392455,0.15544574,-0.10642228,-0.00197854,-0.12442207,0.00305409,-0.00371957,0.15468403,-0.10725377,0.00152093
1.41992070,0.28880233,0.49050414,0.00678249,0.03843603,-0.23308838,0.97167200,0.00000000,0.00000000,0.56100753,-0.97830124,-0.40773293,-0.85125066,-0.01316812,0.93338489,-0.03540254,0.58656237,-0.12600880,0.00653451,-0.00393529,0.15544360,-0.10641740,-0.00197860,-0.12439763,0.00304608,-0.00373022,0.15468255,-0.10725390,0.00152136
1.41991847,0.28880262,0.49050408,0.00678307,0.03842484,-0.23308330,0.97167366,0.00000000,0.00000000,0.55248715,-0.97522872,-0.40255447,-0.84268017,-0.01314255,0.93337931,-0.03541343,0.58656153,-0.12599077,0.00652591,-0.00394522,0.15544489,-0.10641524,-0.00197727,-0.12437320,0.00303913,-0.00374024,0.15468230,-0.10725656,0.00152108
